ds,population
1950-01-01,2499322000.0
1950-02-01,2499322000.0
1950-03-01,2499322000.0
1950-04-01,2499322000.0
1950-05-01,2499322000.0
1950-06-01,2499322000.0
1950-07-01,2499322000.0
1950-08-01,2499322000.0
1950-09-01,2499322000.0
1950-10-01,2499322000.0
1950-11-01,2499322000.0
1950-12-01,2499322000.0
1951-01-01,2543130400.0
1951-02-01,2543130400.0
1951-03-01,2543130400.0
1951-04-01,2543130400.0
1951-05-01,2543130400.0
1951-06-01,2543130400.0
1951-07-01,2543130400.0
1951-08-01,2543130400.0
1951-09-01,2543130400.0
1951-10-01,2543130400.0
1951-11-01,2543130400.0
1951-12-01,2543130400.0
1952-01-01,2590271000.0
1952-02-01,2590271000.0
1952-03-01,2590271000.0
1952-04-01,2590271000.0
1952-05-01,2590271000.0
1952-06-01,2590271000.0
1952-07-01,2590271000.0
1952-08-01,2590271000.0
1952-09-01,2590271000.0
1952-10-01,2590271000.0
1952-11-01,2590271000.0
1952-12-01,2590271000.0
1953-01-01,2640278800.0
1953-02-01,2640278800.0
1953-03-01,2640278800.0
1953-04-01,2640278800.0
1953-05-01,2640278800.0
1953-06-01,2640278800.0
1953-07-01,2640278800.0
1953-08-01,2640278800.0
1953-09-01,2640278800.0
1953-10-01,2640278800.0
1953-11-01,2640278800.0
1953-12-01,2640278800.0
1954-01-01,2691979300.0
1954-02-01,2691979300.0
1954-03-01,2691979300.0
1954-04-01,2691979300.0
1954-05-01,2691979300.0
1954-06-01,2691979300.0
1954-07-01,2691979300.0
1954-08-01,2691979300.0
1954-09-01,2691979300.0
1954-10-01,2691979300.0
1954-11-01,2691979300.0
1954-12-01,2691979300.0
1955-01-01,2746072000.0
1955-02-01,2746072000.0
1955-03-01,2746072000.0
1955-04-01,2746072000.0
1955-05-01,2746072000.0
1955-06-01,2746072000.0
1955-07-01,2746072000.0
1955-08-01,2746072000.0
1955-09-01,2746072000.0
1955-10-01,2746072000.0
1955-11-01,2746072000.0
1955-12-01,2746072000.0
1956-01-01,2801002800.0
1956-02-01,2801002800.0
1956-03-01,2801002800.0
1956-04-01,2801002800.0
1956-05-01,2801002800.0
1956-06-01,2801002800.0
1956-07-01,2801002800.0
1956-08-01,2801002800.0
1956-09-01,2801002800.0
1956-10-01,2801002800.0
1956-11-01,2801002800.0
1956-12-01,2801002800.0
1957-01-01,2857866800.0
1957-02-01,2857866800.0
1957-03-01,2857866800.0
1957-04-01,2857866800.0
1957-05-01,2857866800.0
1957-06-01,2857866800.0
1957-07-01,2857866800.0
1957-08-01,2857866800.0
1957-09-01,2857866800.0
1957-10-01,2857866800.0
1957-11-01,2857866800.0
1957-12-01,2857866800.0
1958-01-01,2916108000.0
1958-02-01,2916108000.0
1958-03-01,2916108000.0
1958-04-01,2916108000.0
1958-05-01,2916108000.0
1958-06-01,2916108000.0
1958-07-01,2916108000.0
1958-08-01,2916108000.0
1958-09-01,2916108000.0
1958-10-01,2916108000.0
1958-11-01,2916108000.0
1958-12-01,2916108000.0
1959-01-01,2970292200.0
1959-02-01,2970292200.0
1959-03-01,2970292200.0
1959-04-01,2970292200.0
1959-05-01,2970292200.0
1959-06-01,2970292200.0
1959-07-01,2970292200.0
1959-08-01,2970292200.0
1959-09-01,2970292200.0
1959-10-01,2970292200.0
1959-11-01,2970292200.0
1959-12-01,2970292200.0
1960-01-01,3019233500.0
1960-02-01,3019233500.0
1960-03-01,3019233500.0
1960-04-01,3019233500.0
1960-05-01,3019233500.0
1960-06-01,3019233500.0
1960-07-01,3019233500.0
1960-08-01,3019233500.0
1960-09-01,3019233500.0
1960-10-01,3019233500.0
1960-11-01,3019233500.0
1960-12-01,3019233500.0
1961-01-01,3068370700.0
1961-02-01,3068370700.0
1961-03-01,3068370700.0
1961-04-01,3068370700.0
1961-05-01,3068370700.0
1961-06-01,3068370700.0
1961-07-01,3068370700.0
1961-08-01,3068370700.0
1961-09-01,3068370700.0
1961-10-01,3068370700.0
1961-11-01,3068370700.0
1961-12-01,3068370700.0
1962-01-01,3126686700.0
1962-02-01,3126686700.0
1962-03-01,3126686700.0
1962-04-01,3126686700.0
1962-05-01,3126686700.0
1962-06-01,3126686700.0
1962-07-01,3126686700.0
1962-08-01,3126686700.0
1962-09-01,3126686700.0
1962-10-01,3126686700.0
1962-11-01,3126686700.0
1962-12-01,3126686700.0
1963-01-01,3195779300.0
1963-02-01,3195779300.0
1963-03-01,3195779300.0
1963-04-01,3195779300.0
1963-05-01,3195779300.0
1963-06-01,3195779300.0
1963-07-01,3195779300.0
1963-08-01,3195779300.0
1963-09-01,3195779300.0
1963-10-01,3195779300.0
1963-11-01,3195779300.0
1963-12-01,3195779300.0
1964-01-01,3267212300.0
1964-02-01,3267212300.0
1964-03-01,3267212300.0
1964-04-01,3267212300.0
1964-05-01,3267212300.0
1964-06-01,3267212300.0
1964-07-01,3267212300.0
1964-08-01,3267212300.0
1964-09-01,3267212300.0
1964-10-01,3267212300.0
1964-11-01,3267212300.0
1964-12-01,3267212300.0
1965-01-01,3337112000.0
1965-02-01,3337112000.0
1965-03-01,3337112000.0
1965-04-01,3337112000.0
1965-05-01,3337112000.0
1965-06-01,3337112000.0
1965-07-01,3337112000.0
1965-08-01,3337112000.0
1965-09-01,3337112000.0
1965-10-01,3337112000.0
1965-11-01,3337112000.0
1965-12-01,3337112000.0
1966-01-01,3406417000.0
1966-02-01,3406417000.0
1966-03-01,3406417000.0
1966-04-01,3406417000.0
1966-05-01,3406417000.0
1966-06-01,3406417000.0
1966-07-01,3406417000.0
1966-08-01,3406417000.0
1966-09-01,3406417000.0
1966-10-01,3406417000.0
1966-11-01,3406417000.0
1966-12-01,3406417000.0
1967-01-01,3475448000.0
1967-02-01,3475448000.0
1967-03-01,3475448000.0
1967-04-01,3475448000.0
1967-05-01,3475448000.0
1967-06-01,3475448000.0
1967-07-01,3475448000.0
1967-08-01,3475448000.0
1967-09-01,3475448000.0
1967-10-01,3475448000.0
1967-11-01,3475448000.0
1967-12-01,3475448000.0
1968-01-01,3546811000.0
1968-02-01,3546811000.0
1968-03-01,3546811000.0
1968-04-01,3546811000.0
1968-05-01,3546811000.0
1968-06-01,3546811000.0
1968-07-01,3546811000.0
1968-08-01,3546811000.0
1968-09-01,3546811000.0
1968-10-01,3546811000.0
1968-11-01,3546811000.0
1968-12-01,3546811000.0
1969-01-01,3620655400.0
1969-02-01,3620655400.0
1969-03-01,3620655400.0
1969-04-01,3620655400.0
1969-05-01,3620655400.0
1969-06-01,3620655400.0
1969-07-01,3620655400.0
1969-08-01,3620655400.0
1969-09-01,3620655400.0
1969-10-01,3620655400.0
1969-11-01,3620655400.0
1969-12-01,3620655400.0
1970-01-01,3695390200.0
1970-02-01,3695390200.0
1970-03-01,3695390200.0
1970-04-01,3695390200.0
1970-05-01,3695390200.0
1970-06-01,3695390200.0
1970-07-01,3695390200.0
1970-08-01,3695390200.0
1970-09-01,3695390200.0
1970-10-01,3695390200.0
1970-11-01,3695390200.0
1970-12-01,3695390200.0
1971-01-01,3770163200.0
1971-02-01,3770163200.0
1971-03-01,3770163200.0
1971-04-01,3770163200.0
1971-05-01,3770163200.0
1971-06-01,3770163200.0
1971-07-01,3770163200.0
1971-08-01,3770163200.0
1971-09-01,3770163200.0
1971-10-01,3770163200.0
1971-11-01,3770163200.0
1971-12-01,3770163200.0
1972-01-01,3844800800.0
1972-02-01,3844800800.0
1972-03-01,3844800800.0
1972-04-01,3844800800.0
1972-05-01,3844800800.0
1972-06-01,3844800800.0
1972-07-01,3844800800.0
1972-08-01,3844800800.0
1972-09-01,3844800800.0
1972-10-01,3844800800.0
1972-11-01,3844800800.0
1972-12-01,3844800800.0
1973-01-01,3920251400.0
1973-02-01,3920251400.0
1973-03-01,3920251400.0
1973-04-01,3920251400.0
1973-05-01,3920251400.0
1973-06-01,3920251400.0
1973-07-01,3920251400.0
1973-08-01,3920251400.0
1973-09-01,3920251400.0
1973-10-01,3920251400.0
1973-11-01,3920251400.0
1973-12-01,3920251400.0
1974-01-01,3995517000.0
1974-02-01,3995517000.0
1974-03-01,3995517000.0
1974-04-01,3995517000.0
1974-05-01,3995517000.0
1974-06-01,3995517000.0
1974-07-01,3995517000.0
1974-08-01,3995517000.0
1974-09-01,3995517000.0
1974-10-01,3995517000.0
1974-11-01,3995517000.0
1974-12-01,3995517000.0
1975-01-01,4069437200.0
1975-02-01,4069437200.0
1975-03-01,4069437200.0
1975-04-01,4069437200.0
1975-05-01,4069437200.0
1975-06-01,4069437200.0
1975-07-01,4069437200.0
1975-08-01,4069437200.0
1975-09-01,4069437200.0
1975-10-01,4069437200.0
1975-11-01,4069437200.0
1975-12-01,4069437200.0
1976-01-01,4142505700.0
1976-02-01,4142505700.0
1976-03-01,4142505700.0
1976-04-01,4142505700.0
1976-05-01,4142505700.0
1976-06-01,4142505700.0
1976-07-01,4142505700.0
1976-08-01,4142505700.0
1976-09-01,4142505700.0
1976-10-01,4142505700.0
1976-11-01,4142505700.0
1976-12-01,4142505700.0
1977-01-01,4215772400.0
1977-02-01,4215772400.0
1977-03-01,4215772400.0
1977-04-01,4215772400.0
1977-05-01,4215772400.0
1977-06-01,4215772400.0
1977-07-01,4215772400.0
1977-08-01,4215772400.0
1977-09-01,4215772400.0
1977-10-01,4215772400.0
1977-11-01,4215772400.0
1977-12-01,4215772400.0
1978-01-01,4289657600.0
1978-02-01,4289657600.0
1978-03-01,4289657600.0
1978-04-01,4289657600.0
1978-05-01,4289657600.0
1978-06-01,4289657600.0
1978-07-01,4289657600.0
1978-08-01,4289657600.0
1978-09-01,4289657600.0
1978-10-01,4289657600.0
1978-11-01,4289657600.0
1978-12-01,4289657600.0
1979-01-01,4365583000.0
1979-02-01,4365583000.0
1979-03-01,4365583000.0
1979-04-01,4365583000.0
1979-05-01,4365583000.0
1979-06-01,4365583000.0
1979-07-01,4365583000.0
1979-08-01,4365583000.0
1979-09-01,4365583000.0
1979-10-01,4365583000.0
1979-11-01,4365583000.0
1979-12-01,4365583000.0
1980-01-01,4444008000.0
1980-02-01,4444008000.0
1980-03-01,4444008000.0
1980-04-01,4444008000.0
1980-05-01,4444008000.0
1980-06-01,4444008000.0
1980-07-01,4444008000.0
1980-08-01,4444008000.0
1980-09-01,4444008000.0
1980-10-01,4444008000.0
1980-11-01,4444008000.0
1980-12-01,4444008000.0
1981-01-01,4524627500.0
1981-02-01,4524627500.0
1981-03-01,4524627500.0
1981-04-01,4524627500.0
1981-05-01,4524627500.0
1981-06-01,4524627500.0
1981-07-01,4524627500.0
1981-08-01,4524627500.0
1981-09-01,4524627500.0
1981-10-01,4524627500.0
1981-11-01,4524627500.0
1981-12-01,4524627500.0
1982-01-01,4607984600.0
1982-02-01,4607984600.0
1982-03-01,4607984600.0
1982-04-01,4607984600.0
1982-05-01,4607984600.0
1982-06-01,4607984600.0
1982-07-01,4607984600.0
1982-08-01,4607984600.0
1982-09-01,4607984600.0
1982-10-01,4607984600.0
1982-11-01,4607984600.0
1982-12-01,4607984600.0
1983-01-01,4691884000.0
1983-02-01,4691884000.0
1983-03-01,4691884000.0
1983-04-01,4691884000.0
1983-05-01,4691884000.0
1983-06-01,4691884000.0
1983-07-01,4691884000.0
1983-08-01,4691884000.0
1983-09-01,4691884000.0
1983-10-01,4691884000.0
1983-11-01,4691884000.0
1983-12-01,4691884000.0
1984-01-01,4775836000.0
1984-02-01,4775836000.0
1984-03-01,4775836000.0
1984-04-01,4775836000.0
1984-05-01,4775836000.0
1984-06-01,4775836000.0
1984-07-01,4775836000.0
1984-08-01,4775836000.0
1984-09-01,4775836000.0
1984-10-01,4775836000.0
1984-11-01,4775836000.0
1984-12-01,4775836000.0
1985-01-01,4861731000.0
1985-02-01,4861731000.0
1985-03-01,4861731000.0
1985-04-01,4861731000.0
1985-05-01,4861731000.0
1985-06-01,4861731000.0
1985-07-01,4861731000.0
1985-08-01,4861731000.0
1985-09-01,4861731000.0
1985-10-01,4861731000.0
1985-11-01,4861731000.0
1985-12-01,4861731000.0
1986-01-01,4950063000.0
1986-02-01,4950063000.0
1986-03-01,4950063000.0
1986-04-01,4950063000.0
1986-05-01,4950063000.0
1986-06-01,4950063000.0
1986-07-01,4950063000.0
1986-08-01,4950063000.0
1986-09-01,4950063000.0
1986-10-01,4950063000.0
1986-11-01,4950063000.0
1986-12-01,4950063000.0
1987-01-01,5040984600.0
1987-02-01,5040984600.0
1987-03-01,5040984600.0
1987-04-01,5040984600.0
1987-05-01,5040984600.0
1987-06-01,5040984600.0
1987-07-01,5040984600.0
1987-08-01,5040984600.0
1987-09-01,5040984600.0
1987-10-01,5040984600.0
1987-11-01,5040984600.0
1987-12-01,5040984600.0
1988-01-01,5132294000.0
1988-02-01,5132294000.0
1988-03-01,5132294000.0
1988-04-01,5132294000.0
1988-05-01,5132294000.0
1988-06-01,5132294000.0
1988-07-01,5132294000.0
1988-08-01,5132294000.0
1988-09-01,5132294000.0
1988-10-01,5132294000.0
1988-11-01,5132294000.0
1988-12-01,5132294000.0
1989-01-01,5223704000.0
1989-02-01,5223704000.0
1989-03-01,5223704000.0
1989-04-01,5223704000.0
1989-05-01,5223704000.0
1989-06-01,5223704000.0
1989-07-01,5223704000.0
1989-08-01,5223704000.0
1989-09-01,5223704000.0
1989-10-01,5223704000.0
1989-11-01,5223704000.0
1989-12-01,5223704000.0
1990-01-01,5316176000.0
1990-02-01,5316176000.0
1990-03-01,5316176000.0
1990-04-01,5316176000.0
1990-05-01,5316176000.0
1990-06-01,5316176000.0
1990-07-01,5316176000.0
1990-08-01,5316176000.0
1990-09-01,5316176000.0
1990-10-01,5316176000.0
1990-11-01,5316176000.0
1990-12-01,5316176000.0
1991-01-01,5406246000.0
1991-02-01,5406246000.0
1991-03-01,5406246000.0
1991-04-01,5406246000.0
1991-05-01,5406246000.0
1991-06-01,5406246000.0
1991-07-01,5406246000.0
1991-08-01,5406246000.0
1991-09-01,5406246000.0
1991-10-01,5406246000.0
1991-11-01,5406246000.0
1991-12-01,5406246000.0
1992-01-01,5492686300.0
1992-02-01,5492686300.0
1992-03-01,5492686300.0
1992-04-01,5492686300.0
1992-05-01,5492686300.0
1992-06-01,5492686300.0
1992-07-01,5492686300.0
1992-08-01,5492686300.0
1992-09-01,5492686300.0
1992-10-01,5492686300.0
1992-11-01,5492686300.0
1992-12-01,5492686300.0
1993-01-01,5577433600.0
1993-02-01,5577433600.0
1993-03-01,5577433600.0
1993-04-01,5577433600.0
1993-05-01,5577433600.0
1993-06-01,5577433600.0
1993-07-01,5577433600.0
1993-08-01,5577433600.0
1993-09-01,5577433600.0
1993-10-01,5577433600.0
1993-11-01,5577433600.0
1993-12-01,5577433600.0
1994-01-01,5660728000.0
1994-02-01,5660728000.0
1994-03-01,5660728000.0
1994-04-01,5660728000.0
1994-05-01,5660728000.0
1994-06-01,5660728000.0
1994-07-01,5660728000.0
1994-08-01,5660728000.0
1994-09-01,5660728000.0
1994-10-01,5660728000.0
1994-11-01,5660728000.0
1994-12-01,5660728000.0
1995-01-01,5743219700.0
1995-02-01,5743219700.0
1995-03-01,5743219700.0
1995-04-01,5743219700.0
1995-05-01,5743219700.0
1995-06-01,5743219700.0
1995-07-01,5743219700.0
1995-08-01,5743219700.0
1995-09-01,5743219700.0
1995-10-01,5743219700.0
1995-11-01,5743219700.0
1995-12-01,5743219700.0
1996-01-01,5825145300.0
1996-02-01,5825145300.0
1996-03-01,5825145300.0
1996-04-01,5825145300.0
1996-05-01,5825145300.0
1996-06-01,5825145300.0
1996-07-01,5825145300.0
1996-08-01,5825145300.0
1996-09-01,5825145300.0
1996-10-01,5825145300.0
1996-11-01,5825145300.0
1996-12-01,5825145300.0
1997-01-01,5906481000.0
1997-02-01,5906481000.0
1997-03-01,5906481000.0
1997-04-01,5906481000.0
1997-05-01,5906481000.0
1997-06-01,5906481000.0
1997-07-01,5906481000.0
1997-08-01,5906481000.0
1997-09-01,5906481000.0
1997-10-01,5906481000.0
1997-11-01,5906481000.0
1997-12-01,5906481000.0
1998-01-01,5987312600.0
1998-02-01,5987312600.0
1998-03-01,5987312600.0
1998-04-01,5987312600.0
1998-05-01,5987312600.0
1998-06-01,5987312600.0
1998-07-01,5987312600.0
1998-08-01,5987312600.0
1998-09-01,5987312600.0
1998-10-01,5987312600.0
1998-11-01,5987312600.0
1998-12-01,5987312600.0
1999-01-01,6067758600.0
1999-02-01,6067758600.0
1999-03-01,6067758600.0
1999-04-01,6067758600.0
1999-05-01,6067758600.0
1999-06-01,6067758600.0
1999-07-01,6067758600.0
1999-08-01,6067758600.0
1999-09-01,6067758600.0
1999-10-01,6067758600.0
1999-11-01,6067758600.0
1999-12-01,6067758600.0
2000-01-01,6148899000.0
2000-02-01,6148899000.0
2000-03-01,6148899000.0
2000-04-01,6148899000.0
2000-05-01,6148899000.0
2000-06-01,6148899000.0
2000-07-01,6148899000.0
2000-08-01,6148899000.0
2000-09-01,6148899000.0
2000-10-01,6148899000.0
2000-11-01,6148899000.0
2000-12-01,6148899000.0
2001-01-01,6230747000.0
2001-02-01,6230747000.0
2001-03-01,6230747000.0
2001-04-01,6230747000.0
2001-05-01,6230747000.0
2001-06-01,6230747000.0
2001-07-01,6230747000.0
2001-08-01,6230747000.0
2001-09-01,6230747000.0
2001-10-01,6230747000.0
2001-11-01,6230747000.0
2001-12-01,6230747000.0
2002-01-01,6312407600.0
2002-02-01,6312407600.0
2002-03-01,6312407600.0
2002-04-01,6312407600.0
2002-05-01,6312407600.0
2002-06-01,6312407600.0
2002-07-01,6312407600.0
2002-08-01,6312407600.0
2002-09-01,6312407600.0
2002-10-01,6312407600.0
2002-11-01,6312407600.0
2002-12-01,6312407600.0
2003-01-01,6393898500.0
2003-02-01,6393898500.0
2003-03-01,6393898500.0
2003-04-01,6393898500.0
2003-05-01,6393898500.0
2003-06-01,6393898500.0
2003-07-01,6393898500.0
2003-08-01,6393898500.0
2003-09-01,6393898500.0
2003-10-01,6393898500.0
2003-11-01,6393898500.0
2003-12-01,6393898500.0
2004-01-01,6475751400.0
2004-02-01,6475751400.0
2004-03-01,6475751400.0
2004-04-01,6475751400.0
2004-05-01,6475751400.0
2004-06-01,6475751400.0
2004-07-01,6475751400.0
2004-08-01,6475751400.0
2004-09-01,6475751400.0
2004-10-01,6475751400.0
2004-11-01,6475751400.0
2004-12-01,6475751400.0
2005-01-01,6558176000.0
2005-02-01,6558176000.0
2005-03-01,6558176000.0
2005-04-01,6558176000.0
2005-05-01,6558176000.0
2005-06-01,6558176000.0
2005-07-01,6558176000.0
2005-08-01,6558176000.0
2005-09-01,6558176000.0
2005-10-01,6558176000.0
2005-11-01,6558176000.0
2005-12-01,6558176000.0
2006-01-01,6641416000.0
2006-02-01,6641416000.0
2006-03-01,6641416000.0
2006-04-01,6641416000.0
2006-05-01,6641416000.0
2006-06-01,6641416000.0
2006-07-01,6641416000.0
2006-08-01,6641416000.0
2006-09-01,6641416000.0
2006-10-01,6641416000.0
2006-11-01,6641416000.0
2006-12-01,6641416000.0
2007-01-01,6725948400.0
2007-02-01,6725948400.0
2007-03-01,6725948400.0
2007-04-01,6725948400.0
2007-05-01,6725948400.0
2007-06-01,6725948400.0
2007-07-01,6725948400.0
2007-08-01,6725948400.0
2007-09-01,6725948400.0
2007-10-01,6725948400.0
2007-11-01,6725948400.0
2007-12-01,6725948400.0
2008-01-01,6811597300.0
2008-02-01,6811597300.0
2008-03-01,6811597300.0
2008-04-01,6811597300.0
2008-05-01,6811597300.0
2008-06-01,6811597300.0
2008-07-01,6811597300.0
2008-08-01,6811597300.0
2008-09-01,6811597300.0
2008-10-01,6811597300.0
2008-11-01,6811597300.0
2008-12-01,6811597300.0
2009-01-01,6898306000.0
2009-02-01,6898306000.0
2009-03-01,6898306000.0
2009-04-01,6898306000.0
2009-05-01,6898306000.0
2009-06-01,6898306000.0
2009-07-01,6898306000.0
2009-08-01,6898306000.0
2009-09-01,6898306000.0
2009-10-01,6898306000.0
2009-11-01,6898306000.0
2009-12-01,6898306000.0
2010-01-01,6985603000.0
2010-02-01,6985603000.0
2010-03-01,6985603000.0
2010-04-01,6985603000.0
2010-05-01,6985603000.0
2010-06-01,6985603000.0
2010-07-01,6985603000.0
2010-08-01,6985603000.0
2010-09-01,6985603000.0
2010-10-01,6985603000.0
2010-11-01,6985603000.0
2010-12-01,6985603000.0
2011-01-01,7073125400.0
2011-02-01,7073125400.0
2011-03-01,7073125400.0
2011-04-01,7073125400.0
2011-05-01,7073125400.0
2011-06-01,7073125400.0
2011-07-01,7073125400.0
2011-08-01,7073125400.0
2011-09-01,7073125400.0
2011-10-01,7073125400.0
2011-11-01,7073125400.0
2011-12-01,7073125400.0
2012-01-01,7161698000.0
2012-02-01,7161698000.0
2012-03-01,7161698000.0
2012-04-01,7161698000.0
2012-05-01,7161698000.0
2012-06-01,7161698000.0
2012-07-01,7161698000.0
2012-08-01,7161698000.0
2012-09-01,7161698000.0
2012-10-01,7161698000.0
2012-11-01,7161698000.0
2012-12-01,7161698000.0
2013-01-01,7250593300.0
2013-02-01,7250593300.0
2013-03-01,7250593300.0
2013-04-01,7250593300.0
2013-05-01,7250593300.0
2013-06-01,7250593300.0
2013-07-01,7250593300.0
2013-08-01,7250593300.0
2013-09-01,7250593300.0
2013-10-01,7250593300.0
2013-11-01,7250593300.0
2013-12-01,7250593300.0
2014-01-01,7339013600.0
2014-02-01,7339013600.0
2014-03-01,7339013600.0
2014-04-01,7339013600.0
2014-05-01,7339013600.0
2014-06-01,7339013600.0
2014-07-01,7339013600.0
2014-08-01,7339013600.0
2014-09-01,7339013600.0
2014-10-01,7339013600.0
2014-11-01,7339013600.0
2014-12-01,7339013600.0
2015-01-01,7426597400.0
2015-02-01,7426597400.0
2015-03-01,7426597400.0
2015-04-01,7426597400.0
2015-05-01,7426597400.0
2015-06-01,7426597400.0
2015-07-01,7426597400.0
2015-08-01,7426597400.0
2015-09-01,7426597400.0
2015-10-01,7426597400.0
2015-11-01,7426597400.0
2015-12-01,7426597400.0
2016-01-01,7513474000.0
2016-02-01,7513474000.0
2016-03-01,7513474000.0
2016-04-01,7513474000.0
2016-05-01,7513474000.0
2016-06-01,7513474000.0
2016-07-01,7513474000.0
2016-08-01,7513474000.0
2016-09-01,7513474000.0
2016-10-01,7513474000.0
2016-11-01,7513474000.0
2016-12-01,7513474000.0
2017-01-01,7599822300.0
2017-02-01,7599822300.0
2017-03-01,7599822300.0
2017-04-01,7599822300.0
2017-05-01,7599822300.0
2017-06-01,7599822300.0
2017-07-01,7599822300.0
2017-08-01,7599822300.0
2017-09-01,7599822300.0
2017-10-01,7599822300.0
2017-11-01,7599822300.0
2017-12-01,7599822300.0
2018-01-01,7683790000.0
2018-02-01,7683790000.0
2018-03-01,7683790000.0
2018-04-01,7683790000.0
2018-05-01,7683790000.0
2018-06-01,7683790000.0
2018-07-01,7683790000.0
2018-08-01,7683790000.0
2018-09-01,7683790000.0
2018-10-01,7683790000.0
2018-11-01,7683790000.0
2018-12-01,7683790000.0
2019-01-01,7764951000.0
2019-02-01,7764951000.0
2019-03-01,7764951000.0
2019-04-01,7764951000.0
2019-05-01,7764951000.0
2019-06-01,7764951000.0
2019-07-01,7764951000.0
2019-08-01,7764951000.0
2019-09-01,7764951000.0
2019-10-01,7764951000.0
2019-11-01,7764951000.0
2019-12-01,7764951000.0
2020-01-01,7840953000.0
2020-02-01,7840953000.0
2020-03-01,7840953000.0
2020-04-01,7840953000.0
2020-05-01,7840953000.0
2020-06-01,7840953000.0
2020-07-01,7840953000.0
2020-08-01,7840953000.0
2020-09-01,7840953000.0
2020-10-01,7840953000.0
2020-11-01,7840953000.0
2020-12-01,7840953000.0
2021-01-01,7909295000.0
2021-02-01,7909295000.0
2021-03-01,7909295000.0
2021-04-01,7909295000.0
2021-05-01,7909295000.0
2021-06-01,7909295000.0
2021-07-01,7909295000.0
2021-08-01,7909295000.0
2021-09-01,7909295000.0
2021-10-01,7909295000.0
2021-11-01,7909295000.0
2021-12-01,7909295000.0
2022-01-01,7975105000.0
2022-02-01,7975105000.0
2022-03-01,7975105000.0
2022-04-01,7975105000.0
2022-05-01,7975105000.0
2022-06-01,7975105000.0
2022-07-01,7975105000.0
2022-08-01,7975105000.0
2022-09-01,7975105000.0
2022-10-01,7975105000.0
2022-11-01,7975105000.0
2022-12-01,7975105000.0
2023-01-01,8045311500.0
2023-02-01,8045311500.0
2023-03-01,8045311500.0
2023-04-01,8045311500.0
2023-05-01,8045311500.0
2023-06-01,8045311500.0
2023-07-01,8045311500.0
2023-08-01,8045311500.0
2023-09-01,8045311500.0
2023-10-01,8045311500.0
2023-11-01,8045311500.0
2023-12-01,8045311500.0
2024-01-01,8118835700.0
2024-02-01,8118835700.0
2024-03-01,8118835700.0
2024-04-01,8118835700.0
2024-05-01,8118835700.0
2024-06-01,8118835700.0
2024-07-01,8118835700.0
2024-08-01,8118835700.0
2024-09-01,8118835700.0
2024-10-01,8118835700.0
2024-11-01,8118835700.0
2024-12-01,8118835700.0
2025-01-01,8191988000.0
2025-02-01,8191988000.0
2025-03-01,8191988000.0
2025-04-01,8191988000.0
2025-05-01,8191988000.0
2025-06-01,8191988000.0
2025-07-01,8191988000.0
2025-08-01,8191988000.0
2025-09-01,8191988000.0
2025-10-01,8191988000.0
2025-11-01,8191988000.0
2025-12-01,8191988000.0
2026-01-01,8264364500.0
2026-02-01,8264364500.0
2026-03-01,8264364500.0
2026-04-01,8264364500.0
2026-05-01,8264364500.0
2026-06-01,8264364500.0
2026-07-01,8264364500.0
2026-08-01,8264364500.0
2026-09-01,8264364500.0
2026-10-01,8264364500.0
2026-11-01,8264364500.0
2026-12-01,8264364500.0
2027-01-01,8335977500.0
2027-02-01,8335977500.0
2027-03-01,8335977500.0
2027-04-01,8335977500.0
2027-05-01,8335977500.0
2027-06-01,8335977500.0
2027-07-01,8335977500.0
2027-08-01,8335977500.0
2027-09-01,8335977500.0
2027-10-01,8335977500.0
2027-11-01,8335977500.0
2027-12-01,8335977500.0
2028-01-01,8406829000.0
2028-02-01,8406829000.0
2028-03-01,8406829000.0
2028-04-01,8406829000.0
2028-05-01,8406829000.0
2028-06-01,8406829000.0
2028-07-01,8406829000.0
2028-08-01,8406829000.0
2028-09-01,8406829000.0
2028-10-01,8406829000.0
2028-11-01,8406829000.0
2028-12-01,8406829000.0
2029-01-01,8476889600.0
2029-02-01,8476889600.0
2029-03-01,8476889600.0
2029-04-01,8476889600.0
2029-05-01,8476889600.0
2029-06-01,8476889600.0
2029-07-01,8476889600.0
2029-08-01,8476889600.0
2029-09-01,8476889600.0
2029-10-01,8476889600.0
2029-11-01,8476889600.0
2029-12-01,8476889600.0
2030-01-01,8546141000.0
2030-02-01,8546141000.0
2030-03-01,8546141000.0
2030-04-01,8546141000.0
2030-05-01,8546141000.0
2030-06-01,8546141000.0
2030-07-01,8546141000.0
2030-08-01,8546141000.0
2030-09-01,8546141000.0
2030-10-01,8546141000.0
2030-11-01,8546141000.0
2030-12-01,8546141000.0
2031-01-01,8614533000.0
2031-02-01,8614533000.0
2031-03-01,8614533000.0
2031-04-01,8614533000.0
2031-05-01,8614533000.0
2031-06-01,8614533000.0
2031-07-01,8614533000.0
2031-08-01,8614533000.0
2031-09-01,8614533000.0
2031-10-01,8614533000.0
2031-11-01,8614533000.0
2031-12-01,8614533000.0
2032-01-01,8682092000.0
2032-02-01,8682092000.0
2032-03-01,8682092000.0
2032-04-01,8682092000.0
2032-05-01,8682092000.0
2032-06-01,8682092000.0
2032-07-01,8682092000.0
2032-08-01,8682092000.0
2032-09-01,8682092000.0
2032-10-01,8682092000.0
2032-11-01,8682092000.0
2032-12-01,8682092000.0
2033-01-01,8748799000.0
2033-02-01,8748799000.0
2033-03-01,8748799000.0
2033-04-01,8748799000.0
2033-05-01,8748799000.0
2033-06-01,8748799000.0
2033-07-01,8748799000.0
2033-08-01,8748799000.0
2033-09-01,8748799000.0
2033-10-01,8748799000.0
2033-11-01,8748799000.0
2033-12-01,8748799000.0
2034-01-01,8814576000.0
2034-02-01,8814576000.0
2034-03-01,8814576000.0
2034-04-01,8814576000.0
2034-05-01,8814576000.0
2034-06-01,8814576000.0
2034-07-01,8814576000.0
2034-08-01,8814576000.0
2034-09-01,8814576000.0
2034-10-01,8814576000.0
2034-11-01,8814576000.0
2034-12-01,8814576000.0
2035-01-01,8879398000.0
2035-02-01,8879398000.0
2035-03-01,8879398000.0
2035-04-01,8879398000.0
2035-05-01,8879398000.0
2035-06-01,8879398000.0
2035-07-01,8879398000.0
2035-08-01,8879398000.0
2035-09-01,8879398000.0
2035-10-01,8879398000.0
2035-11-01,8879398000.0
2035-12-01,8879398000.0
2036-01-01,8943206000.0
2036-02-01,8943206000.0
2036-03-01,8943206000.0
2036-04-01,8943206000.0
2036-05-01,8943206000.0
2036-06-01,8943206000.0
2036-07-01,8943206000.0
2036-08-01,8943206000.0
2036-09-01,8943206000.0
2036-10-01,8943206000.0
2036-11-01,8943206000.0
2036-12-01,8943206000.0
2037-01-01,9006027000.0
2037-02-01,9006027000.0
2037-03-01,9006027000.0
2037-04-01,9006027000.0
2037-05-01,9006027000.0
2037-06-01,9006027000.0
2037-07-01,9006027000.0
2037-08-01,9006027000.0
2037-09-01,9006027000.0
2037-10-01,9006027000.0
2037-11-01,9006027000.0
2037-12-01,9006027000.0
2038-01-01,9067889000.0
2038-02-01,9067889000.0
2038-03-01,9067889000.0
2038-04-01,9067889000.0
2038-05-01,9067889000.0
2038-06-01,9067889000.0
2038-07-01,9067889000.0
2038-08-01,9067889000.0
2038-09-01,9067889000.0
2038-10-01,9067889000.0
2038-11-01,9067889000.0
2038-12-01,9067889000.0
2039-01-01,9128661000.0
2039-02-01,9128661000.0
2039-03-01,9128661000.0
2039-04-01,9128661000.0
2039-05-01,9128661000.0
2039-06-01,9128661000.0
2039-07-01,9128661000.0
2039-08-01,9128661000.0
2039-09-01,9128661000.0
2039-10-01,9128661000.0
2039-11-01,9128661000.0
2039-12-01,9128661000.0
2040-01-01,9188251000.0
2040-02-01,9188251000.0
2040-03-01,9188251000.0
2040-04-01,9188251000.0
2040-05-01,9188251000.0
2040-06-01,9188251000.0
2040-07-01,9188251000.0
2040-08-01,9188251000.0
2040-09-01,9188251000.0
2040-10-01,9188251000.0
2040-11-01,9188251000.0
2040-12-01,9188251000.0
2041-01-01,9246673000.0
2041-02-01,9246673000.0
2041-03-01,9246673000.0
2041-04-01,9246673000.0
2041-05-01,9246673000.0
2041-06-01,9246673000.0
2041-07-01,9246673000.0
2041-08-01,9246673000.0
2041-09-01,9246673000.0
2041-10-01,9246673000.0
2041-11-01,9246673000.0
2041-12-01,9246673000.0
2042-01-01,9303897000.0
2042-02-01,9303897000.0
2042-03-01,9303897000.0
2042-04-01,9303897000.0
2042-05-01,9303897000.0
2042-06-01,9303897000.0
2042-07-01,9303897000.0
2042-08-01,9303897000.0
2042-09-01,9303897000.0
2042-10-01,9303897000.0
2042-11-01,9303897000.0
2042-12-01,9303897000.0
2043-01-01,9359836000.0
2043-02-01,9359836000.0
2043-03-01,9359836000.0
2043-04-01,9359836000.0
2043-05-01,9359836000.0
2043-06-01,9359836000.0
2043-07-01,9359836000.0
2043-08-01,9359836000.0
2043-09-01,9359836000.0
2043-10-01,9359836000.0
2043-11-01,9359836000.0
2043-12-01,9359836000.0
2044-01-01,9414408000.0
2044-02-01,9414408000.0
2044-03-01,9414408000.0
2044-04-01,9414408000.0
2044-05-01,9414408000.0
2044-06-01,9414408000.0
2044-07-01,9414408000.0
2044-08-01,9414408000.0
2044-09-01,9414408000.0
2044-10-01,9414408000.0
2044-11-01,9414408000.0
2044-12-01,9414408000.0
2045-01-01,9467544000.0
2045-02-01,9467544000.0
2045-03-01,9467544000.0
2045-04-01,9467544000.0
2045-05-01,9467544000.0
2045-06-01,9467544000.0
2045-07-01,9467544000.0
2045-08-01,9467544000.0
2045-09-01,9467544000.0
2045-10-01,9467544000.0
2045-11-01,9467544000.0
2045-12-01,9467544000.0
2046-01-01,9519191000.0
2046-02-01,9519191000.0
2046-03-01,9519191000.0
2046-04-01,9519191000.0
2046-05-01,9519191000.0
2046-06-01,9519191000.0
2046-07-01,9519191000.0
2046-08-01,9519191000.0
2046-09-01,9519191000.0
2046-10-01,9519191000.0
2046-11-01,9519191000.0
2046-12-01,9519191000.0
2047-01-01,9569298000.0
2047-02-01,9569298000.0
2047-03-01,9569298000.0
2047-04-01,9569298000.0
2047-05-01,9569298000.0
2047-06-01,9569298000.0
2047-07-01,9569298000.0
2047-08-01,9569298000.0
2047-09-01,9569298000.0
2047-10-01,9569298000.0
2047-11-01,9569298000.0
2047-12-01,9569298000.0
2048-01-01,9617775000.0
2048-02-01,9617775000.0
2048-03-01,9617775000.0
2048-04-01,9617775000.0
2048-05-01,9617775000.0
2048-06-01,9617775000.0
2048-07-01,9617775000.0
2048-08-01,9617775000.0
2048-09-01,9617775000.0
2048-10-01,9617775000.0
2048-11-01,9617775000.0
2048-12-01,9617775000.0
2049-01-01,9664516000.0
2049-02-01,9664516000.0
2049-03-01,9664516000.0
2049-04-01,9664516000.0
2049-05-01,9664516000.0
2049-06-01,9664516000.0
2049-07-01,9664516000.0
2049-08-01,9664516000.0
2049-09-01,9664516000.0
2049-10-01,9664516000.0
2049-11-01,9664516000.0
2049-12-01,9664516000.0
2050-01-01,9709492000.0
2050-02-01,9709492000.0
2050-03-01,9709492000.0
2050-04-01,9709492000.0
2050-05-01,9709492000.0
2050-06-01,9709492000.0
2050-07-01,9709492000.0
2050-08-01,9709492000.0
2050-09-01,9709492000.0
2050-10-01,9709492000.0
2050-11-01,9709492000.0
2050-12-01,9709492000.0
2051-01-01,9752657000.0
2051-02-01,9752657000.0
2051-03-01,9752657000.0
2051-04-01,9752657000.0
2051-05-01,9752657000.0
2051-06-01,9752657000.0
2051-07-01,9752657000.0
2051-08-01,9752657000.0
2051-09-01,9752657000.0
2051-10-01,9752657000.0
2051-11-01,9752657000.0
2051-12-01,9752657000.0
2052-01-01,9794102000.0
2052-02-01,9794102000.0
2052-03-01,9794102000.0
2052-04-01,9794102000.0
2052-05-01,9794102000.0
2052-06-01,9794102000.0
2052-07-01,9794102000.0
2052-08-01,9794102000.0
2052-09-01,9794102000.0
2052-10-01,9794102000.0
2052-11-01,9794102000.0
2052-12-01,9794102000.0
2053-01-01,9833861000.0
2053-02-01,9833861000.0
2053-03-01,9833861000.0
2053-04-01,9833861000.0
2053-05-01,9833861000.0
2053-06-01,9833861000.0
2053-07-01,9833861000.0
2053-08-01,9833861000.0
2053-09-01,9833861000.0
2053-10-01,9833861000.0
2053-11-01,9833861000.0
2053-12-01,9833861000.0
2054-01-01,9871901000.0
2054-02-01,9871901000.0
2054-03-01,9871901000.0
2054-04-01,9871901000.0
2054-05-01,9871901000.0
2054-06-01,9871901000.0
2054-07-01,9871901000.0
2054-08-01,9871901000.0
2054-09-01,9871901000.0
2054-10-01,9871901000.0
2054-11-01,9871901000.0
2054-12-01,9871901000.0
2055-01-01,9908305000.0
2055-02-01,9908305000.0
2055-03-01,9908305000.0
2055-04-01,9908305000.0
2055-05-01,9908305000.0
2055-06-01,9908305000.0
2055-07-01,9908305000.0
2055-08-01,9908305000.0
2055-09-01,9908305000.0
2055-10-01,9908305000.0
2055-11-01,9908305000.0
2055-12-01,9908305000.0
2056-01-01,9943123000.0
2056-02-01,9943123000.0
2056-03-01,9943123000.0
2056-04-01,9943123000.0
2056-05-01,9943123000.0
2056-06-01,9943123000.0
2056-07-01,9943123000.0
2056-08-01,9943123000.0
2056-09-01,9943123000.0
2056-10-01,9943123000.0
2056-11-01,9943123000.0
2056-12-01,9943123000.0
2057-01-01,9976440000.0
2057-02-01,9976440000.0
2057-03-01,9976440000.0
2057-04-01,9976440000.0
2057-05-01,9976440000.0
2057-06-01,9976440000.0
2057-07-01,9976440000.0
2057-08-01,9976440000.0
2057-09-01,9976440000.0
2057-10-01,9976440000.0
2057-11-01,9976440000.0
2057-12-01,9976440000.0
2058-01-01,10008310000.0
2058-02-01,10008310000.0
2058-03-01,10008310000.0
2058-04-01,10008310000.0
2058-05-01,10008310000.0
2058-06-01,10008310000.0
2058-07-01,10008310000.0
2058-08-01,10008310000.0
2058-09-01,10008310000.0
2058-10-01,10008310000.0
2058-11-01,10008310000.0
2058-12-01,10008310000.0
2059-01-01,10038706000.0
2059-02-01,10038706000.0
2059-03-01,10038706000.0
2059-04-01,10038706000.0
2059-05-01,10038706000.0
2059-06-01,10038706000.0
2059-07-01,10038706000.0
2059-08-01,10038706000.0
2059-09-01,10038706000.0
2059-10-01,10038706000.0
2059-11-01,10038706000.0
2059-12-01,10038706000.0
2060-01-01,10067734000.0
2060-02-01,10067734000.0
2060-03-01,10067734000.0
2060-04-01,10067734000.0
2060-05-01,10067734000.0
2060-06-01,10067734000.0
2060-07-01,10067734000.0
2060-08-01,10067734000.0
2060-09-01,10067734000.0
2060-10-01,10067734000.0
2060-11-01,10067734000.0
2060-12-01,10067734000.0
2061-01-01,10095573000.0
2061-02-01,10095573000.0
2061-03-01,10095573000.0
2061-04-01,10095573000.0
2061-05-01,10095573000.0
2061-06-01,10095573000.0
2061-07-01,10095573000.0
2061-08-01,10095573000.0
2061-09-01,10095573000.0
2061-10-01,10095573000.0
2061-11-01,10095573000.0
2061-12-01,10095573000.0
2062-01-01,10122308000.0
2062-02-01,10122308000.0
2062-03-01,10122308000.0
2062-04-01,10122308000.0
2062-05-01,10122308000.0
2062-06-01,10122308000.0
2062-07-01,10122308000.0
2062-08-01,10122308000.0
2062-09-01,10122308000.0
2062-10-01,10122308000.0
2062-11-01,10122308000.0
2062-12-01,10122308000.0
2063-01-01,10147950000.0
2063-02-01,10147950000.0
2063-03-01,10147950000.0
2063-04-01,10147950000.0
2063-05-01,10147950000.0
2063-06-01,10147950000.0
2063-07-01,10147950000.0
2063-08-01,10147950000.0
2063-09-01,10147950000.0
2063-10-01,10147950000.0
2063-11-01,10147950000.0
2063-12-01,10147950000.0
2064-01-01,10172513000.0
2064-02-01,10172513000.0
2064-03-01,10172513000.0
2064-04-01,10172513000.0
2064-05-01,10172513000.0
2064-06-01,10172513000.0
2064-07-01,10172513000.0
2064-08-01,10172513000.0
2064-09-01,10172513000.0
2064-10-01,10172513000.0
2064-11-01,10172513000.0
2064-12-01,10172513000.0
2065-01-01,10195965000.0
2065-02-01,10195965000.0
2065-03-01,10195965000.0
2065-04-01,10195965000.0
2065-05-01,10195965000.0
2065-06-01,10195965000.0
2065-07-01,10195965000.0
2065-08-01,10195965000.0
2065-09-01,10195965000.0
2065-10-01,10195965000.0
2065-11-01,10195965000.0
2065-12-01,10195965000.0
2066-01-01,10218273000.0
2066-02-01,10218273000.0
2066-03-01,10218273000.0
2066-04-01,10218273000.0
2066-05-01,10218273000.0
2066-06-01,10218273000.0
2066-07-01,10218273000.0
2066-08-01,10218273000.0
2066-09-01,10218273000.0
2066-10-01,10218273000.0
2066-11-01,10218273000.0
2066-12-01,10218273000.0
2067-01-01,10239584000.0
2067-02-01,10239584000.0
2067-03-01,10239584000.0
2067-04-01,10239584000.0
2067-05-01,10239584000.0
2067-06-01,10239584000.0
2067-07-01,10239584000.0
2067-08-01,10239584000.0
2067-09-01,10239584000.0
2067-10-01,10239584000.0
2067-11-01,10239584000.0
2067-12-01,10239584000.0
2068-01-01,10259873000.0
2068-02-01,10259873000.0
2068-03-01,10259873000.0
2068-04-01,10259873000.0
2068-05-01,10259873000.0
2068-06-01,10259873000.0
2068-07-01,10259873000.0
2068-08-01,10259873000.0
2068-09-01,10259873000.0
2068-10-01,10259873000.0
2068-11-01,10259873000.0
2068-12-01,10259873000.0
2069-01-01,10279075000.0
2069-02-01,10279075000.0
2069-03-01,10279075000.0
2069-04-01,10279075000.0
2069-05-01,10279075000.0
2069-06-01,10279075000.0
2069-07-01,10279075000.0
2069-08-01,10279075000.0
2069-09-01,10279075000.0
2069-10-01,10279075000.0
2069-11-01,10279075000.0
2069-12-01,10279075000.0
2070-01-01,10297167000.0
2070-02-01,10297167000.0
2070-03-01,10297167000.0
2070-04-01,10297167000.0
2070-05-01,10297167000.0
2070-06-01,10297167000.0
2070-07-01,10297167000.0
2070-08-01,10297167000.0
2070-09-01,10297167000.0
2070-10-01,10297167000.0
2070-11-01,10297167000.0
2070-12-01,10297167000.0
2071-01-01,10314143000.0
2071-02-01,10314143000.0
2071-03-01,10314143000.0
2071-04-01,10314143000.0
2071-05-01,10314143000.0
2071-06-01,10314143000.0
2071-07-01,10314143000.0
2071-08-01,10314143000.0
2071-09-01,10314143000.0
2071-10-01,10314143000.0
2071-11-01,10314143000.0
2071-12-01,10314143000.0
2072-01-01,10330060000.0
2072-02-01,10330060000.0
2072-03-01,10330060000.0
2072-04-01,10330060000.0
2072-05-01,10330060000.0
2072-06-01,10330060000.0
2072-07-01,10330060000.0
2072-08-01,10330060000.0
2072-09-01,10330060000.0
2072-10-01,10330060000.0
2072-11-01,10330060000.0
2072-12-01,10330060000.0
2073-01-01,10344891000.0
2073-02-01,10344891000.0
2073-03-01,10344891000.0
2073-04-01,10344891000.0
2073-05-01,10344891000.0
2073-06-01,10344891000.0
2073-07-01,10344891000.0
2073-08-01,10344891000.0
2073-09-01,10344891000.0
2073-10-01,10344891000.0
2073-11-01,10344891000.0
2073-12-01,10344891000.0
2074-01-01,10358553000.0
2074-02-01,10358553000.0
2074-03-01,10358553000.0
2074-04-01,10358553000.0
2074-05-01,10358553000.0
2074-06-01,10358553000.0
2074-07-01,10358553000.0
2074-08-01,10358553000.0
2074-09-01,10358553000.0
2074-10-01,10358553000.0
2074-11-01,10358553000.0
2074-12-01,10358553000.0
2075-01-01,10370994000.0
2075-02-01,10370994000.0
2075-03-01,10370994000.0
2075-04-01,10370994000.0
2075-05-01,10370994000.0
2075-06-01,10370994000.0
2075-07-01,10370994000.0
2075-08-01,10370994000.0
2075-09-01,10370994000.0
2075-10-01,10370994000.0
2075-11-01,10370994000.0
2075-12-01,10370994000.0
2076-01-01,10382180000.0
2076-02-01,10382180000.0
2076-03-01,10382180000.0
2076-04-01,10382180000.0
2076-05-01,10382180000.0
2076-06-01,10382180000.0
2076-07-01,10382180000.0
2076-08-01,10382180000.0
2076-09-01,10382180000.0
2076-10-01,10382180000.0
2076-11-01,10382180000.0
2076-12-01,10382180000.0
2077-01-01,10392082000.0
2077-02-01,10392082000.0
2077-03-01,10392082000.0
2077-04-01,10392082000.0
2077-05-01,10392082000.0
2077-06-01,10392082000.0
2077-07-01,10392082000.0
2077-08-01,10392082000.0
2077-09-01,10392082000.0
2077-10-01,10392082000.0
2077-11-01,10392082000.0
2077-12-01,10392082000.0
2078-01-01,10400750000.0
2078-02-01,10400750000.0
2078-03-01,10400750000.0
2078-04-01,10400750000.0
2078-05-01,10400750000.0
2078-06-01,10400750000.0
2078-07-01,10400750000.0
2078-08-01,10400750000.0
2078-09-01,10400750000.0
2078-10-01,10400750000.0
2078-11-01,10400750000.0
2078-12-01,10400750000.0
2079-01-01,10408267000.0
2079-02-01,10408267000.0
2079-03-01,10408267000.0
2079-04-01,10408267000.0
2079-05-01,10408267000.0
2079-06-01,10408267000.0
2079-07-01,10408267000.0
2079-08-01,10408267000.0
2079-09-01,10408267000.0
2079-10-01,10408267000.0
2079-11-01,10408267000.0
2079-12-01,10408267000.0
2080-01-01,10414637000.0
2080-02-01,10414637000.0
2080-03-01,10414637000.0
2080-04-01,10414637000.0
2080-05-01,10414637000.0
2080-06-01,10414637000.0
2080-07-01,10414637000.0
2080-08-01,10414637000.0
2080-09-01,10414637000.0
2080-10-01,10414637000.0
2080-11-01,10414637000.0
2080-12-01,10414637000.0
2081-01-01,10419851000.0
2081-02-01,10419851000.0
2081-03-01,10419851000.0
2081-04-01,10419851000.0
2081-05-01,10419851000.0
2081-06-01,10419851000.0
2081-07-01,10419851000.0
2081-08-01,10419851000.0
2081-09-01,10419851000.0
2081-10-01,10419851000.0
2081-11-01,10419851000.0
2081-12-01,10419851000.0
2082-01-01,10424023000.0
2082-02-01,10424023000.0
2082-03-01,10424023000.0
2082-04-01,10424023000.0
2082-05-01,10424023000.0
2082-06-01,10424023000.0
2082-07-01,10424023000.0
2082-08-01,10424023000.0
2082-09-01,10424023000.0
2082-10-01,10424023000.0
2082-11-01,10424023000.0
2082-12-01,10424023000.0
2083-01-01,10427226000.0
2083-02-01,10427226000.0
2083-03-01,10427226000.0
2083-04-01,10427226000.0
2083-05-01,10427226000.0
2083-06-01,10427226000.0
2083-07-01,10427226000.0
2083-08-01,10427226000.0
2083-09-01,10427226000.0
2083-10-01,10427226000.0
2083-11-01,10427226000.0
2083-12-01,10427226000.0
2084-01-01,10429447000.0
2084-02-01,10429447000.0
2084-03-01,10429447000.0
2084-04-01,10429447000.0
2084-05-01,10429447000.0
2084-06-01,10429447000.0
2084-07-01,10429447000.0
2084-08-01,10429447000.0
2084-09-01,10429447000.0
2084-10-01,10429447000.0
2084-11-01,10429447000.0
2084-12-01,10429447000.0
2085-01-01,10430679000.0
2085-02-01,10430679000.0
2085-03-01,10430679000.0
2085-04-01,10430679000.0
2085-05-01,10430679000.0
2085-06-01,10430679000.0
2085-07-01,10430679000.0
2085-08-01,10430679000.0
2085-09-01,10430679000.0
2085-10-01,10430679000.0
2085-11-01,10430679000.0
2085-12-01,10430679000.0
2086-01-01,10430926000.0
2086-02-01,10430926000.0
2086-03-01,10430926000.0
2086-04-01,10430926000.0
2086-05-01,10430926000.0
2086-06-01,10430926000.0
2086-07-01,10430926000.0
2086-08-01,10430926000.0
2086-09-01,10430926000.0
2086-10-01,10430926000.0
2086-11-01,10430926000.0
2086-12-01,10430926000.0
2087-01-01,10430267000.0
2087-02-01,10430267000.0
2087-03-01,10430267000.0
2087-04-01,10430267000.0
2087-05-01,10430267000.0
2087-06-01,10430267000.0
2087-07-01,10430267000.0
2087-08-01,10430267000.0
2087-09-01,10430267000.0
2087-10-01,10430267000.0
2087-11-01,10430267000.0
2087-12-01,10430267000.0
2088-01-01,10428831000.0
2088-02-01,10428831000.0
2088-03-01,10428831000.0
2088-04-01,10428831000.0
2088-05-01,10428831000.0
2088-06-01,10428831000.0
2088-07-01,10428831000.0
2088-08-01,10428831000.0
2088-09-01,10428831000.0
2088-10-01,10428831000.0
2088-11-01,10428831000.0
2088-12-01,10428831000.0
2089-01-01,10426601000.0
2089-02-01,10426601000.0
2089-03-01,10426601000.0
2089-04-01,10426601000.0
2089-05-01,10426601000.0
2089-06-01,10426601000.0
2089-07-01,10426601000.0
2089-08-01,10426601000.0
2089-09-01,10426601000.0
2089-10-01,10426601000.0
2089-11-01,10426601000.0
2089-12-01,10426601000.0
2090-01-01,10423541000.0
2090-02-01,10423541000.0
2090-03-01,10423541000.0
2090-04-01,10423541000.0
2090-05-01,10423541000.0
2090-06-01,10423541000.0
2090-07-01,10423541000.0
2090-08-01,10423541000.0
2090-09-01,10423541000.0
2090-10-01,10423541000.0
2090-11-01,10423541000.0
2090-12-01,10423541000.0
2091-01-01,10419647000.0
2091-02-01,10419647000.0
2091-03-01,10419647000.0
2091-04-01,10419647000.0
2091-05-01,10419647000.0
2091-06-01,10419647000.0
2091-07-01,10419647000.0
2091-08-01,10419647000.0
2091-09-01,10419647000.0
2091-10-01,10419647000.0
2091-11-01,10419647000.0
2091-12-01,10419647000.0
2092-01-01,10414960000.0
2092-02-01,10414960000.0
2092-03-01,10414960000.0
2092-04-01,10414960000.0
2092-05-01,10414960000.0
2092-06-01,10414960000.0
2092-07-01,10414960000.0
2092-08-01,10414960000.0
2092-09-01,10414960000.0
2092-10-01,10414960000.0
2092-11-01,10414960000.0
2092-12-01,10414960000.0
2093-01-01,10409491000.0
2093-02-01,10409491000.0
2093-03-01,10409491000.0
2093-04-01,10409491000.0
2093-05-01,10409491000.0
2093-06-01,10409491000.0
2093-07-01,10409491000.0
2093-08-01,10409491000.0
2093-09-01,10409491000.0
2093-10-01,10409491000.0
2093-11-01,10409491000.0
2093-12-01,10409491000.0
2094-01-01,10403272000.0
2094-02-01,10403272000.0
2094-03-01,10403272000.0
2094-04-01,10403272000.0
2094-05-01,10403272000.0
2094-06-01,10403272000.0
2094-07-01,10403272000.0
2094-08-01,10403272000.0
2094-09-01,10403272000.0
2094-10-01,10403272000.0
2094-11-01,10403272000.0
2094-12-01,10403272000.0
2095-01-01,10396305000.0
2095-02-01,10396305000.0
2095-03-01,10396305000.0
2095-04-01,10396305000.0
2095-05-01,10396305000.0
2095-06-01,10396305000.0
2095-07-01,10396305000.0
2095-08-01,10396305000.0
2095-09-01,10396305000.0
2095-10-01,10396305000.0
2095-11-01,10396305000.0
2095-12-01,10396305000.0
2096-01-01,10388517000.0
2096-02-01,10388517000.0
2096-03-01,10388517000.0
2096-04-01,10388517000.0
2096-05-01,10388517000.0
2096-06-01,10388517000.0
2096-07-01,10388517000.0
2096-08-01,10388517000.0
2096-09-01,10388517000.0
2096-10-01,10388517000.0
2096-11-01,10388517000.0
2096-12-01,10388517000.0
2097-01-01,10379889000.0
2097-02-01,10379889000.0
2097-03-01,10379889000.0
2097-04-01,10379889000.0
2097-05-01,10379889000.0
2097-06-01,10379889000.0
2097-07-01,10379889000.0
2097-08-01,10379889000.0
2097-09-01,10379889000.0
2097-10-01,10379889000.0
2097-11-01,10379889000.0
2097-12-01,10379889000.0
2098-01-01,10370445000.0
2098-02-01,10370445000.0
2098-03-01,10370445000.0
2098-04-01,10370445000.0
2098-05-01,10370445000.0
2098-06-01,10370445000.0
2098-07-01,10370445000.0
2098-08-01,10370445000.0
2098-09-01,10370445000.0
2098-10-01,10370445000.0
2098-11-01,10370445000.0
2098-12-01,10370445000.0
2099-01-01,10360270000.0
2099-02-01,10360270000.0
2099-03-01,10360270000.0
2099-04-01,10360270000.0
2099-05-01,10360270000.0
2099-06-01,10360270000.0
2099-07-01,10360270000.0
2099-08-01,10360270000.0
2099-09-01,10360270000.0
2099-10-01,10360270000.0
2099-11-01,10360270000.0
2099-12-01,10360270000.0
2100-01-01,10349323000.0
2100-02-01,10349323000.0
2100-03-01,10349323000.0
2100-04-01,10349323000.0
2100-05-01,10349323000.0
2100-06-01,10349323000.0
2100-07-01,10349323000.0
2100-08-01,10349323000.0
2100-09-01,10349323000.0
2100-10-01,10349323000.0
2100-11-01,10349323000.0
2100-12-01,10349323000.0
