ds,CO2_emission
1979-01-01,336.56
1979-02-01,337.29
1979-03-01,337.88
1979-04-01,338.32
1979-05-01,338.26
1979-06-01,337.38
1979-07-01,335.56
1979-08-01,334.36
1979-09-01,335.02
1979-10-01,336.36
1979-11-01,337.36
1979-12-01,337.85
1980-01-01,338.55
1980-02-01,339.26
1980-03-01,339.59
1980-04-01,339.99
1980-05-01,340.44
1980-06-01,339.99
1980-07-01,338.44
1980-08-01,337.21
1980-09-01,337.05
1980-10-01,337.83
1980-11-01,338.93
1980-12-01,339.64
1981-01-01,340.18
1981-02-01,340.75
1981-03-01,341.38
1981-04-01,341.68
1981-05-01,341.43
1981-06-01,340.63
1981-07-01,339.22
1981-08-01,338.08
1981-09-01,337.98
1981-10-01,339.07
1981-11-01,340.18
1981-12-01,340.75
1982-01-01,341.37
1982-02-01,341.95
1982-03-01,342.23
1982-04-01,342.52
1982-05-01,342.36
1982-06-01,341.49
1982-07-01,339.75
1982-08-01,338.11
1982-09-01,338.16
1982-10-01,339.61
1982-11-01,340.95
1982-12-01,341.77
1983-01-01,342.37
1983-02-01,342.74
1983-03-01,343.04
1983-04-01,343.51
1983-05-01,343.84
1983-06-01,343.5
1983-07-01,342.14
1983-08-01,340.62
1983-09-01,340.53
1983-10-01,341.75
1983-11-01,342.83
1983-12-01,343.49
1984-01-01,344.32
1984-02-01,344.82
1984-03-01,344.96
1984-04-01,345.19
1984-05-01,345.33
1984-06-01,344.57
1984-07-01,343.2
1984-08-01,342.21
1984-09-01,342.13
1984-10-01,342.99
1984-11-01,344.16
1984-12-01,345.0
1985-01-01,345.35
1985-02-01,345.8
1985-03-01,346.64
1985-04-01,346.94
1985-05-01,346.78
1985-06-01,346.26
1985-07-01,344.92
1985-08-01,343.41
1985-09-01,343.37
1985-10-01,344.64
1985-11-01,345.79
1985-12-01,346.55
1986-01-01,347.11
1986-02-01,347.34
1986-03-01,347.71
1986-04-01,348.22
1986-05-01,348.32
1986-06-01,347.76
1986-07-01,346.29
1986-08-01,344.92
1986-09-01,344.86
1986-10-01,346.03
1986-11-01,347.3
1986-12-01,347.76
1987-01-01,348.02
1987-02-01,348.57
1987-03-01,349.29
1987-04-01,349.98
1987-05-01,350.26
1987-06-01,349.48
1987-07-01,347.86
1987-08-01,346.61
1987-09-01,346.7
1987-10-01,347.97
1987-11-01,349.25
1987-12-01,350.21
1988-01-01,350.91
1988-02-01,351.47
1988-03-01,351.85
1988-04-01,352.3
1988-05-01,352.46
1988-06-01,351.76
1988-07-01,350.28
1988-08-01,349.1
1988-09-01,349.27
1988-10-01,350.44
1988-11-01,351.61
1988-12-01,352.46
1989-01-01,352.99
1989-02-01,353.45
1989-03-01,354.0
1989-04-01,354.37
1989-05-01,354.19
1989-06-01,353.26
1989-07-01,351.56
1989-08-01,350.21
1989-09-01,350.56
1989-10-01,351.85
1989-11-01,353.03
1989-12-01,353.9
1990-01-01,354.46
1990-02-01,354.87
1990-03-01,355.2
1990-04-01,355.5
1990-05-01,355.4
1990-06-01,354.33
1990-07-01,352.71
1990-08-01,351.59
1990-09-01,351.8
1990-10-01,353.19
1990-11-01,354.43
1990-12-01,355.18
1991-01-01,355.76
1991-02-01,356.19
1991-03-01,356.68
1991-04-01,357.19
1991-05-01,357.11
1991-06-01,356.17
1991-07-01,354.53
1991-08-01,353.05
1991-09-01,352.93
1991-10-01,354.0
1991-11-01,355.16
1991-12-01,355.95
1992-01-01,356.52
1992-02-01,356.89
1992-03-01,357.26
1992-04-01,357.75
1992-05-01,357.82
1992-06-01,356.87
1992-07-01,355.19
1992-08-01,353.68
1992-09-01,353.58
1992-10-01,354.8
1992-11-01,355.98
1992-12-01,356.74
1993-01-01,357.21
1993-02-01,357.55
1993-03-01,357.96
1993-04-01,358.43
1993-05-01,358.38
1993-06-01,357.34
1993-07-01,355.72
1993-08-01,354.44
1993-09-01,354.47
1993-10-01,355.7
1993-11-01,356.95
1993-12-01,357.85
1994-01-01,358.47
1994-02-01,359.01
1994-03-01,359.36
1994-04-01,359.71
1994-05-01,359.74
1994-06-01,358.81
1994-07-01,357.27
1994-08-01,356.05
1994-09-01,356.02
1994-10-01,357.26
1994-11-01,358.69
1994-12-01,359.55
1995-01-01,360.13
1995-02-01,360.61
1995-03-01,361.08
1995-04-01,361.55
1995-05-01,361.47
1995-06-01,360.61
1995-07-01,358.99
1995-08-01,357.73
1995-09-01,358.05
1995-10-01,359.42
1995-11-01,360.77
1995-12-01,361.65
1996-01-01,362.14
1996-02-01,362.5
1996-03-01,362.82
1996-04-01,363.14
1996-05-01,363.29
1996-06-01,362.88
1996-07-01,361.57
1996-08-01,360.07
1996-09-01,359.7
1996-10-01,360.67
1996-11-01,361.78
1996-12-01,362.63
1997-01-01,363.28
1997-02-01,363.65
1997-03-01,364.03
1997-04-01,364.51
1997-05-01,364.51
1997-06-01,363.6
1997-07-01,361.93
1997-08-01,360.41
1997-09-01,360.41
1997-10-01,361.94
1997-11-01,363.61
1997-12-01,364.68
1998-01-01,365.19
1998-02-01,365.46
1998-03-01,365.93
1998-04-01,366.58
1998-05-01,366.86
1998-06-01,366.27
1998-07-01,364.84
1998-08-01,363.79
1998-09-01,364.04
1998-10-01,365.34
1998-11-01,366.6
1998-12-01,367.47
1999-01-01,368.12
1999-02-01,368.52
1999-03-01,368.91
1999-04-01,369.3
1999-05-01,369.21
1999-06-01,368.36
1999-07-01,366.69
1999-08-01,365.33
1999-09-01,365.44
1999-10-01,366.75
1999-11-01,368.05
1999-12-01,368.88
2000-01-01,369.39
2000-02-01,369.65
2000-03-01,369.97
2000-04-01,370.35
2000-05-01,370.24
2000-06-01,369.31
2000-07-01,367.91
2000-08-01,366.76
2000-09-01,366.71
2000-10-01,367.91
2000-11-01,369.28
2000-12-01,370.1
2001-01-01,370.68
2001-02-01,371.18
2001-03-01,371.59
2001-04-01,371.9
2001-05-01,371.8
2001-06-01,370.85
2001-07-01,369.46
2001-08-01,368.32
2001-09-01,368.36
2001-10-01,369.71
2001-11-01,371.04
2001-12-01,371.97
2002-01-01,372.51
2002-02-01,372.91
2002-03-01,373.38
2002-04-01,373.72
2002-05-01,373.71
2002-06-01,372.84
2002-07-01,371.41
2002-08-01,370.37
2002-09-01,370.69
2002-10-01,371.96
2002-11-01,373.29
2002-12-01,374.27
2003-01-01,374.95
2003-02-01,375.48
2003-03-01,375.92
2003-04-01,376.39
2003-05-01,376.51
2003-06-01,375.68
2003-07-01,374.16
2003-08-01,372.94
2003-09-01,373.11
2003-10-01,374.4
2003-11-01,375.68
2003-12-01,376.53
2004-01-01,377.21
2004-02-01,377.73
2004-03-01,378.16
2004-04-01,378.48
2004-05-01,378.4
2004-06-01,377.51
2004-07-01,375.96
2004-08-01,374.49
2004-09-01,374.39
2004-10-01,375.73
2004-11-01,377.2
2004-12-01,378.17
2005-01-01,378.73
2005-02-01,379.27
2005-03-01,379.87
2005-04-01,380.32
2005-05-01,380.42
2005-06-01,379.6
2005-07-01,377.94
2005-08-01,376.73
2005-09-01,376.76
2005-10-01,378.07
2005-11-01,379.53
2005-12-01,380.53
2006-01-01,381.33
2006-02-01,381.95
2006-03-01,382.34
2006-04-01,382.67
2006-05-01,382.63
2006-06-01,381.76
2006-07-01,380.07
2006-08-01,378.48
2006-09-01,378.63
2006-10-01,380.08
2006-11-01,381.44
2006-12-01,382.39
2007-01-01,383.03
2007-02-01,383.55
2007-03-01,384.02
2007-04-01,384.28
2007-05-01,384.13
2007-06-01,383.26
2007-07-01,381.55
2007-08-01,380.29
2007-09-01,380.68
2007-10-01,382.1
2007-11-01,383.45
2007-12-01,384.46
2008-01-01,385.23
2008-02-01,385.74
2008-03-01,386.15
2008-04-01,386.53
2008-05-01,386.48
2008-06-01,385.57
2008-07-01,384.1
2008-08-01,382.77
2008-09-01,382.55
2008-10-01,383.67
2008-11-01,385.18
2008-12-01,386.27
2009-01-01,387.03
2009-02-01,387.48
2009-03-01,387.71
2009-04-01,387.99
2009-05-01,387.95
2009-06-01,386.96
2009-07-01,385.01
2009-08-01,383.63
2009-09-01,383.93
2009-10-01,385.5
2009-11-01,386.94
2009-12-01,387.84
2010-01-01,388.62
2010-02-01,389.33
2010-03-01,389.68
2010-04-01,389.98
2010-05-01,389.95
2010-06-01,389.01
2010-07-01,387.35
2010-08-01,386.23
2010-09-01,386.7
2010-10-01,388.25
2010-11-01,389.62
2010-12-01,390.36
2011-01-01,390.93
2011-02-01,391.35
2011-03-01,391.67
2011-04-01,392.05
2011-05-01,392.07
2011-06-01,391.13
2011-07-01,389.19
2011-08-01,387.86
2011-09-01,388.26
2011-10-01,389.83
2011-11-01,391.2
2011-12-01,392.04
2012-01-01,392.61
2012-02-01,393.2
2012-03-01,393.72
2012-04-01,393.99
2012-05-01,393.88
2012-06-01,392.84
2012-07-01,391.0
2012-08-01,389.89
2012-09-01,390.56
2012-10-01,392.16
2012-11-01,393.56
2012-12-01,394.39
2013-01-01,395.07
2013-02-01,395.7
2013-03-01,396.29
2013-04-01,396.74
2013-05-01,396.75
2013-06-01,395.96
2013-07-01,394.47
2013-08-01,393.24
2013-09-01,393.21
2013-10-01,394.51
2013-11-01,395.97
2013-12-01,396.88
2014-01-01,397.51
2014-02-01,397.97
2014-03-01,398.27
2014-04-01,398.63
2014-05-01,398.69
2014-06-01,397.72
2014-07-01,396.13
2014-08-01,395.02
2014-09-01,395.12
2014-10-01,396.38
2014-11-01,397.86
2014-12-01,398.84
2015-01-01,399.56
2015-02-01,400.12
2015-03-01,400.57
2015-04-01,400.96
2015-05-01,400.91
2015-06-01,400.06
2015-07-01,398.38
2015-08-01,397.07
2015-09-01,397.34
2015-10-01,398.8
2015-11-01,400.36
2015-12-01,401.66
2016-01-01,402.63
2016-02-01,403.27
2016-03-01,403.86
2016-04-01,404.38
2016-05-01,404.44
2016-06-01,403.65
2016-07-01,402.11
2016-08-01,400.8
2016-09-01,400.97
2016-10-01,402.41
2016-11-01,403.78
2016-12-01,404.68
2017-01-01,405.32
2017-02-01,405.91
2017-03-01,406.32
2017-04-01,406.6
2017-05-01,406.64
2017-06-01,405.85
2017-07-01,404.1
2017-08-01,402.57
2017-09-01,402.66
2017-10-01,404.16
2017-11-01,405.7
2017-12-01,406.75
2018-01-01,407.53
2018-02-01,408.23
2018-03-01,408.77
2018-04-01,409.07
2018-05-01,408.93
2018-06-01,408.06
2018-07-01,406.48
2018-08-01,405.11
2018-09-01,405.18
2018-10-01,406.65
2018-11-01,408.12
2018-12-01,409.19
2019-01-01,409.92
2019-02-01,410.34
2019-03-01,410.89
2019-04-01,411.33
2019-05-01,411.34
2019-06-01,410.53
2019-07-01,408.88
2019-08-01,407.64
2019-09-01,407.92
2019-10-01,409.44
2019-11-01,410.87
2019-12-01,411.76
2020-01-01,414.70854
2020-02-01,414.94015243087875
2020-03-01,415.15682212428146
2020-04-01,415.3884345551602
2020-05-01,415.6125756173009
2020-06-01,415.8441880481796
2020-07-01,416.0683291103203
2020-08-01,416.299941541199
2020-09-01,416.53155397207775
2020-10-01,416.7556950342185
2020-11-01,416.9873074650972
2020-12-01,417.2114485272379
2021-01-01,417.44306095811663
2021-02-01,417.67467338899536
2021-03-01,417.88387171366
2021-04-01,418.11548414453875
2021-05-01,418.33962520667944
2021-06-01,418.57123763755817
2021-07-01,418.7953786996989
2021-08-01,419.02699113057764
2021-09-01,419.25860356145637
2021-10-01,419.48274462359706
2021-11-01,419.7143570544758
2021-12-01,419.9384981166165
2022-01-01,420.1701105474952
2022-02-01,420.401722978374
2022-03-01,420.6109213030386
2022-04-01,420.8425337339173
2022-05-01,421.06667479605807
2022-06-01,421.2982872269368
2022-07-01,421.5224282890775
2022-08-01,421.7540407199562
2022-09-01,421.98565315083493
2022-10-01,422.2097942129756
2022-11-01,422.4414066438544
2022-12-01,422.6655477059951
2023-01-01,422.8971601368738
2023-02-01,423.12877256775255
2023-03-01,423.3379708924172
2023-04-01,423.56958332329594
2023-05-01,423.79372438543663
2023-06-01,424.02533681631536
2023-07-01,424.24947787845605
2023-08-01,424.4810903093348
2023-09-01,424.71270274021356
2023-10-01,424.93684380235425
2023-11-01,425.168456233233
2023-12-01,425.39259729537366
2024-01-01,425.6242097262524
2024-02-01,425.8558221571311
2024-03-01,426.0724918505338
2024-04-01,426.30410428141255
2024-05-01,426.52824534355324
2024-06-01,426.75985777443196
2024-07-01,426.9839988365727
2024-08-01,427.21561126745144
2024-09-01,427.44722369833016
2024-10-01,427.67136476047085
2024-11-01,427.9029771913496
2024-12-01,428.12711825349027
2025-01-01,428.358730684369
2025-02-01,428.5903431152477
2025-03-01,428.7995414399124
2025-04-01,429.0311538707911
2025-05-01,429.25529493293186
2025-06-01,429.4869073638106
2025-07-01,429.7110484259513
2025-08-01,429.94266085683
2025-09-01,430.17427328770873
2025-10-01,430.3984143498494
2025-11-01,430.63002678072814
2025-12-01,430.8541678428689
2026-01-01,431.0857802737476
2026-02-01,431.31739270462634
2026-03-01,431.526591029291
2026-04-01,431.75820346016974
2026-05-01,431.9823445223104
2026-06-01,432.21395695318915
2026-07-01,432.43809801532984
2026-08-01,432.66971044620857
2026-09-01,432.9013228770873
2026-10-01,433.12546393922804
2026-11-01,433.35707637010677
2026-12-01,433.58121743224746
2027-01-01,433.8128298631262
2027-02-01,434.0444422940049
2027-03-01,434.2536406186696
2027-04-01,434.4852530495483
2027-05-01,434.709394111689
2027-06-01,434.9410065425677
2027-07-01,435.16514760470847
2027-08-01,435.3967600355872
2027-09-01,435.6283724664659
2027-10-01,435.8525135286066
2027-11-01,436.08412595948533
2027-12-01,436.308267021626
2028-01-01,436.5398794525048
2028-02-01,436.77149188338353
2028-03-01,436.9881615767862
2028-04-01,437.2197740076649
2028-05-01,437.4439150698056
2028-06-01,437.6755275006844
2028-07-01,437.89966856282507
2028-08-01,438.1312809937038
2028-09-01,438.3628934245825
2028-10-01,438.5870344867232
2028-11-01,438.81864691760194
2028-12-01,439.0427879797427
2029-01-01,439.2744004106214
2029-02-01,439.50601284150014
2029-03-01,439.71521116616475
2029-04-01,439.94682359704353
2029-05-01,440.1709646591842
2029-06-01,440.40257709006295
2029-07-01,440.62671815220364
2029-08-01,440.85833058308236
2029-09-01,441.0899430139611
2029-10-01,441.31408407610184
2029-11-01,441.54569650698056
2029-12-01,441.76983756912125
2030-01-01,442.00145
2030-02-01,442.2731940306681
2030-03-01,442.51864025191674
2030-04-01,442.79038428258485
2030-05-01,443.05336237677983
2030-06-01,443.32510640744795
2030-07-01,443.5880845016429
2030-08-01,443.85982853231104
2030-09-01,444.13157256297916
2030-10-01,444.39455065717414
2030-11-01,444.66629468784225
2030-12-01,444.92927278203723
2031-01-01,445.20101681270535
2031-02-01,445.47276084337346
2031-03-01,445.7182070646221
2031-04-01,445.9899510952902
2031-05-01,446.2529291894852
2031-06-01,446.5246732201533
2031-07-01,446.7876513143483
2031-08-01,447.0593953450164
2031-09-01,447.33113937568453
2031-10-01,447.5941174698795
2031-11-01,447.8658615005476
2031-12-01,448.1288395947426
2032-01-01,448.4005836254107
2032-02-01,448.67232765607883
2032-03-01,448.9265398138006
2032-04-01,449.1982838444688
2032-05-01,449.4612619386637
2032-06-01,449.7330059693319
2032-07-01,449.9959840635268
2032-08-01,450.2677280941949
2032-09-01,450.5394721248631
2032-10-01,450.802450219058
2032-11-01,451.0741942497262
2032-12-01,451.3371723439211
2033-01-01,451.6089163745892
2033-02-01,451.8806604052574
2033-03-01,452.126106626506
2033-04-01,452.39785065717416
2033-05-01,452.6608287513691
2033-06-01,452.93257278203725
2033-07-01,453.1955508762322
2033-08-01,453.4672949069003
2033-09-01,453.73903893756847
2033-10-01,454.0020170317634
2033-11-01,454.27376106243156
2033-12-01,454.5367391566265
2034-01-01,454.8084831872946
2034-02-01,455.0802272179628
2034-03-01,455.32567343921136
2034-04-01,455.59741746987953
2034-05-01,455.86039556407445
2034-06-01,456.1321395947426
2034-07-01,456.39511768893755
2034-08-01,456.66686171960566
2034-09-01,456.93860575027384
2034-10-01,457.20158384446876
2034-11-01,457.47332787513693
2034-12-01,457.73630596933185
2035-01-01,458.00804999999997
2035-02-01,458.27979403066814
2035-03-01,458.5252402519167
2035-04-01,458.7969842825849
2035-05-01,459.0599623767798
2035-06-01,459.331706407448
2035-07-01,459.5946845016429
2035-08-01,459.86642853231103
2035-09-01,460.1381725629792
2035-10-01,460.4011506571741
2035-11-01,460.6728946878423
2035-12-01,460.9358727820372
2036-01-01,461.2076168127054
2036-02-01,461.4793608433735
2036-03-01,461.7335730010953
2036-04-01,462.0053170317634
2036-05-01,462.2682951259584
2036-06-01,462.5400391566265
2036-07-01,462.8030172508215
2036-08-01,463.0747612814896
2036-09-01,463.3465053121577
2036-10-01,463.6094834063527
2036-11-01,463.8812274370208
2036-12-01,464.1442055312158
2037-01-01,464.4159495618839
2037-02-01,464.687693592552
2037-03-01,464.93313981380066
2037-04-01,465.2048838444688
2037-05-01,465.46786193866376
2037-06-01,465.7396059693319
2037-07-01,466.00258406352685
2037-08-01,466.27432809419497
2037-09-01,466.5460721248631
2037-10-01,466.80905021905807
2037-11-01,467.0807942497262
2037-12-01,467.34377234392116
2038-01-01,467.6155163745893
2038-02-01,467.8872604052574
2038-03-01,468.13270662650604
2038-04-01,468.40445065717415
2038-05-01,468.66742875136913
2038-06-01,468.93917278203725
2038-07-01,469.2021508762322
2038-08-01,469.47389490690034
2038-09-01,469.74563893756846
2038-10-01,470.00861703176344
2038-11-01,470.28036106243155
2038-12-01,470.54333915662653
2039-01-01,470.81508318729465
2039-02-01,471.08682721796276
2039-03-01,471.3322734392114
2039-04-01,471.6040174698795
2039-05-01,471.8669955640745
2039-06-01,472.1387395947426
2039-07-01,472.4017176889376
2039-08-01,472.6734617196057
2039-09-01,472.94520575027383
2039-10-01,473.2081838444688
2039-11-01,473.4799278751369
2039-12-01,473.7429059693319
2040-01-01,474.01465
2040-02-01,474.3311068765398
2040-03-01,474.6271471803997
2040-04-01,474.94360405693953
2040-05-01,475.24985264713933
2040-06-01,475.5663095236792
2040-07-01,475.872558113879
2040-08-01,476.18901499041885
2040-09-01,476.50547186695866
2040-10-01,476.8117204571585
2040-11-01,477.1281773336983
2040-12-01,477.4344259238982
2041-01-01,477.75088280043803
2041-02-01,478.06733967697784
2041-03-01,478.3531716944977
2041-04-01,478.6696285710375
2041-05-01,478.97587716123735
2041-06-01,479.2923340377772
2041-07-01,479.598582627977
2041-08-01,479.91503950451687
2041-09-01,480.2314963810567
2041-10-01,480.53774497125653
2041-11-01,480.85420184779633
2041-12-01,481.1604504379962
2042-01-01,481.476907314536
2042-02-01,481.79336419107585
2042-03-01,482.0791962085957
2042-04-01,482.3956530851355
2042-05-01,482.70190167533536
2042-06-01,483.01835855187517
2042-07-01,483.324607142075
2042-08-01,483.6410640186148
2042-09-01,483.9575208951547
2042-10-01,484.2637694853545
2042-11-01,484.58022636189435
2042-12-01,484.8864749520942
2043-01-01,485.202931828634
2043-02-01,485.51938870517387
2043-03-01,485.80522072269366
2043-04-01,486.1216775992335
2043-05-01,486.4279261894334
2043-06-01,486.7443830659732
2043-07-01,487.05063165617304
2043-08-01,487.36708853271284
2043-09-01,487.6835454092527
2043-10-01,487.9897939994525
2043-11-01,488.30625087599236
2043-12-01,488.61249946619216
2044-01-01,488.928956342732
2044-02-01,489.2454132192718
2044-03-01,489.5414535231317
2044-04-01,489.85791039967154
2044-05-01,490.16415898987134
2044-06-01,490.4806158664112
2044-07-01,490.786864456611
2044-08-01,491.10332133315086
2044-09-01,491.41977820969066
2044-10-01,491.7260267998905
2044-11-01,492.0424836764303
2044-12-01,492.3487322666302
2045-01-01,492.66518914317
2045-02-01,492.98164601970984
2045-03-01,493.2674780372297
2045-04-01,493.5839349137695
2045-05-01,493.89018350396935
2045-06-01,494.20664038050916
2045-07-01,494.512888970709
2045-08-01,494.8293458472488
2045-09-01,495.1458027237887
2045-10-01,495.45205131398853
2045-11-01,495.76850819052834
2045-12-01,496.0747567807282
2046-01-01,496.391213657268
2046-02-01,496.70767053380786
2046-03-01,496.9935025513277
2046-04-01,497.3099594278675
2046-05-01,497.61620801806737
2046-06-01,497.93266489460717
2046-07-01,498.23891348480703
2046-08-01,498.55537036134683
2046-09-01,498.8718272378867
2046-10-01,499.1780758280865
2046-11-01,499.49453270462635
2046-12-01,499.80078129482615
2047-01-01,500.117238171366
2047-02-01,500.4336950479058
2047-03-01,500.71952706542567
2047-04-01,501.0359839419655
2047-05-01,501.3422325321653
2047-06-01,501.6586894087052
2047-07-01,501.964937998905
2047-08-01,502.28139487544485
2047-09-01,502.59785175198465
2047-10-01,502.9041003421845
2047-11-01,503.22055721872437
2047-12-01,503.52680580892417
2048-01-01,503.843262685464
2048-02-01,504.15971956200383
2048-03-01,504.4557598658637
2048-04-01,504.7722167424035
2048-05-01,505.07846533260334
2048-06-01,505.39492220914315
2048-07-01,505.701170799343
2048-08-01,506.01762767588286
2048-09-01,506.33408455242267
2048-10-01,506.6403331426225
2048-11-01,506.9567900191623
2048-12-01,507.2630386093622
2049-01-01,507.579495485902
2049-02-01,507.89595236244185
2049-03-01,508.1817843799617
2049-04-01,508.4982412565015
2049-05-01,508.80448984670136
2049-06-01,509.12094672324116
2049-07-01,509.427195313441
2049-08-01,509.7436521899808
2049-09-01,510.0601090665207
2049-10-01,510.3663576567205
2049-11-01,510.68281453326034
2049-12-01,510.98906312346014
2050-01-01,511.30552
2050-02-01,511.66477197152244
2050-03-01,511.98925762322017
2050-04-01,512.3485095947426
2050-05-01,512.6961727929902
2050-06-01,513.0554247645126
2050-07-01,513.4030879627601
2050-08-01,513.7623399342826
2050-09-01,514.1215919058051
2050-10-01,514.4692551040525
2050-11-01,514.828507075575
2050-12-01,515.1761702738225
2051-01-01,515.535422245345
2051-02-01,515.8946742168674
2051-03-01,516.2191598685652
2051-04-01,516.5784118400876
2051-05-01,516.9260750383352
2051-06-01,517.2853270098576
2051-07-01,517.6329902081052
2051-08-01,517.9922421796276
2051-09-01,518.3514941511501
2051-10-01,518.6991573493976
2051-11-01,519.0584093209201
2051-12-01,519.4060725191675
2052-01-01,519.76532449069
2052-02-01,520.1245764622125
2052-03-01,520.4606508871851
2052-04-01,520.8199028587076
2052-05-01,521.1675660569551
2052-06-01,521.5268180284776
2052-07-01,521.874481226725
2052-08-01,522.2337331982475
2052-09-01,522.59298516977
2052-10-01,522.9406483680175
2052-11-01,523.2999003395399
2052-12-01,523.6475635377875
2053-01-01,524.00681550931
2053-02-01,524.3660674808324
2053-03-01,524.6905531325301
2053-04-01,525.0498051040526
2053-05-01,525.3974683023001
2053-06-01,525.7567202738226
2053-07-01,526.1043834720701
2053-08-01,526.4636354435926
2053-09-01,526.822887415115
2053-10-01,527.1705506133625
2053-11-01,527.529802584885
2053-12-01,527.8774657831325
2054-01-01,528.2367177546549
2054-02-01,528.5959697261774
2054-03-01,528.9204553778751
2054-04-01,529.2797073493975
2054-05-01,529.6273705476451
2054-06-01,529.9866225191676
2054-07-01,530.3342857174151
2054-08-01,530.6935376889376
2054-09-01,531.05278966046
2054-10-01,531.4004528587076
2054-11-01,531.75970483023
2054-12-01,532.1073680284775
2055-01-01,532.4666199999999
2055-02-01,532.8258719715225
2055-03-01,533.1503576232201
2055-04-01,533.5096095947425
2055-05-01,533.8572727929901
2055-06-01,534.2165247645125
2055-07-01,534.5641879627601
2055-08-01,534.9234399342826
2055-09-01,535.282691905805
2055-10-01,535.6303551040526
2055-11-01,535.989607075575
2055-12-01,536.3372702738226
2056-01-01,536.696522245345
2056-02-01,537.0557742168675
2056-03-01,537.39184864184
2056-04-01,537.7511006133625
2056-05-01,538.0987638116101
2056-06-01,538.4580157831325
2056-07-01,538.8056789813801
2056-08-01,539.1649309529025
2056-09-01,539.524182924425
2056-10-01,539.8718461226724
2056-11-01,540.231098094195
2056-12-01,540.5787612924424
2057-01-01,540.9380132639649
2057-02-01,541.2972652354873
2057-03-01,541.621750887185
2057-04-01,541.9810028587075
2057-05-01,542.3286660569551
2057-06-01,542.6879180284775
2057-07-01,543.0355812267251
2057-08-01,543.3948331982475
2057-09-01,543.75408516977
2057-10-01,544.1017483680175
2057-11-01,544.46100033954
2057-12-01,544.8086635377874
2058-01-01,545.16791550931
2058-02-01,545.5271674808324
2058-03-01,545.85165313253
2058-04-01,546.2109051040526
2058-05-01,546.5585683023
2058-06-01,546.9178202738225
2058-07-01,547.2654834720701
2058-08-01,547.6247354435925
2058-09-01,547.9839874151149
2058-10-01,548.3316506133625
2058-11-01,548.690902584885
2058-12-01,549.0385657831325
2059-01-01,549.397817754655
2059-02-01,549.7570697261774
2059-03-01,550.0815553778751
2059-04-01,550.4408073493976
2059-05-01,550.788470547645
2059-06-01,551.1477225191676
2059-07-01,551.495385717415
2059-08-01,551.8546376889375
2059-09-01,552.2138896604599
2059-10-01,552.5615528587075
2059-11-01,552.9208048302299
2059-12-01,553.2684680284775
2060-01-01,553.62772
2060-02-01,554.0276734629072
2060-03-01,554.4018234765946
2060-04-01,554.8017769395017
2060-05-01,555.188828677799
2060-06-01,555.5887821407063
2060-07-01,555.9758338790035
2060-08-01,556.3757873419107
2060-09-01,556.7757408048179
2060-10-01,557.1627925431152
2060-11-01,557.5627460060224
2060-12-01,557.9497977443197
2061-01-01,558.3497512072269
2061-02-01,558.7497046701341
2061-03-01,559.1109529592115
2061-04-01,559.5109064221188
2061-05-01,559.897958160416
2061-06-01,560.2979116233232
2061-07-01,560.6849633616206
2061-08-01,561.0849168245278
2061-09-01,561.4848702874349
2061-10-01,561.8719220257323
2061-11-01,562.2718754886395
2061-12-01,562.6589272269367
2062-01-01,563.0588806898439
2062-02-01,563.4588341527511
2062-03-01,563.8200824418286
2062-04-01,564.2200359047358
2062-05-01,564.6070876430331
2062-06-01,565.0070411059403
2062-07-01,565.3940928442375
2062-08-01,565.7940463071448
2062-09-01,566.193999770052
2062-10-01,566.5810515083492
2062-11-01,566.9810049712564
2062-12-01,567.3680567095538
2063-01-01,567.7680101724609
2063-02-01,568.1679636353681
2063-03-01,568.5292119244456
2063-04-01,568.9291653873528
2063-05-01,569.3162171256502
2063-06-01,569.7161705885572
2063-07-01,570.1032223268546
2063-08-01,570.5031757897618
2063-09-01,570.903129252669
2063-10-01,571.2901809909663
2063-11-01,571.6901344538735
2063-12-01,572.0771861921708
2064-01-01,572.477139655078
2064-02-01,572.8770931179852
2064-03-01,573.2512431316726
2064-04-01,573.6511965945798
2064-05-01,574.0382483328771
2064-06-01,574.4382017957843
2064-07-01,574.8252535340815
2064-08-01,575.2252069969887
2064-09-01,575.6251604598959
2064-10-01,576.0122121981932
2064-11-01,576.4121656611004
2064-12-01,576.7992173993977
2065-01-01,577.1991708623049
2065-02-01,577.5991243252121
2065-03-01,577.9603726142896
2065-04-01,578.3603260771968
2065-05-01,578.747377815494
2065-06-01,579.1473312784012
2065-07-01,579.5343830166986
2065-08-01,579.9343364796058
2065-09-01,580.334289942513
2065-10-01,580.7213416808103
2065-11-01,581.1212951437175
2065-12-01,581.5083468820147
2066-01-01,581.9083003449219
2066-02-01,582.3082538078291
2066-03-01,582.6695020969066
2066-04-01,583.0694555598138
2066-05-01,583.4565072981111
2066-06-01,583.8564607610183
2066-07-01,584.2435124993156
2066-08-01,584.6434659622228
2066-09-01,585.04341942513
2066-10-01,585.4304711634272
2066-11-01,585.8304246263344
2066-12-01,586.2174763646318
2067-01-01,586.617429827539
2067-02-01,587.0173832904461
2067-03-01,587.3786315795236
2067-04-01,587.7785850424308
2067-05-01,588.1656367807282
2067-06-01,588.5655902436354
2067-07-01,588.9526419819326
2067-08-01,589.3525954448398
2067-09-01,589.752548907747
2067-10-01,590.1396006460443
2067-11-01,590.5395541089515
2067-12-01,590.9266058472488
2068-01-01,591.326559310156
2068-02-01,591.7265127730632
2068-03-01,592.1006627867506
2068-04-01,592.5006162496578
2068-05-01,592.8876679879551
2068-06-01,593.2876214508623
2068-07-01,593.6746731891595
2068-08-01,594.0746266520667
2068-09-01,594.474580114974
2068-10-01,594.8616318532712
2068-11-01,595.2615853161784
2068-12-01,595.6486370544757
2069-01-01,596.0485905173829
2069-02-01,596.4485439802901
2069-03-01,596.8097922693676
2069-04-01,597.2097457322748
2069-05-01,597.596797470572
2069-06-01,597.9967509334792
2069-07-01,598.3838026717766
2069-08-01,598.7837561346838
2069-09-01,599.183709597591
2069-10-01,599.5707613358883
2069-11-01,599.9707147987955
2069-12-01,600.3577665370927
2070-01-01,600.75772
2070-02-01,601.2193508296823
2070-03-01,601.636307708105
2070-04-01,602.0979385377875
2070-05-01,602.5446780503833
2070-06-01,603.0063088800657
2070-07-01,603.4530483926615
2070-08-01,603.9146792223439
2070-09-01,604.3763100520263
2070-10-01,604.8230495646221
2070-11-01,605.2846803943045
2070-12-01,605.7314199069003
2071-01-01,606.1930507365827
2071-02-01,606.654681566265
2071-03-01,607.0716384446878
2071-04-01,607.5332692743701
2071-05-01,607.980008786966
2071-06-01,608.4416396166483
2071-07-01,608.8883791292442
2071-08-01,609.3500099589265
2071-09-01,609.8116407886089
2071-10-01,610.2583803012047
2071-11-01,610.7200111308871
2071-12-01,611.1667506434829
2072-01-01,611.6283814731653
2072-02-01,612.0900123028478
2072-03-01,612.521860498357
2072-04-01,612.9834913280393
2072-05-01,613.4302308406352
2072-06-01,613.8918616703176
2072-07-01,614.3386011829134
2072-08-01,614.8002320125958
2072-09-01,615.2618628422782
2072-10-01,615.708602354874
2072-11-01,616.1702331845564
2072-12-01,616.6169726971522
2073-01-01,617.0786035268346
2073-02-01,617.540234356517
2073-03-01,617.9571912349397
2073-04-01,618.4188220646221
2073-05-01,618.8655615772179
2073-06-01,619.3271924069003
2073-07-01,619.7739319194961
2073-08-01,620.2355627491785
2073-09-01,620.6971935788608
2073-10-01,621.1439330914567
2073-11-01,621.605563921139
2073-12-01,622.0523034337349
2074-01-01,622.5139342634172
2074-02-01,622.9755650930996
2074-03-01,623.3925219715225
2074-04-01,623.8541528012048
2074-05-01,624.3008923138007
2074-06-01,624.762523143483
2074-07-01,625.2092626560789
2074-08-01,625.6708934857612
2074-09-01,626.1325243154436
2074-10-01,626.5792638280394
2074-11-01,627.0408946577218
2074-12-01,627.4876341703176
2075-01-01,627.949265
2075-02-01,628.4108958296823
2075-03-01,628.8278527081051
2075-04-01,629.2894835377875
2075-05-01,629.7362230503833
2075-06-01,630.1978538800657
2075-07-01,630.6445933926615
2075-08-01,631.1062242223439
2075-09-01,631.5678550520263
2075-10-01,632.0145945646221
2075-11-01,632.4762253943045
2075-12-01,632.9229649069003
2076-01-01,633.3845957365827
2076-02-01,633.846226566265
2076-03-01,634.2780747617743
2076-04-01,634.7397055914568
2076-05-01,635.1864451040525
2076-06-01,635.648075933735
2076-07-01,636.0948154463307
2076-08-01,636.5564462760132
2076-09-01,637.0180771056955
2076-10-01,637.4648166182914
2076-11-01,637.9264474479737
2076-12-01,638.3731869605696
2077-01-01,638.8348177902519
2077-02-01,639.2964486199343
2077-03-01,639.713405498357
2077-04-01,640.1750363280394
2077-05-01,640.6217758406352
2077-06-01,641.0834066703176
2077-07-01,641.5301461829134
2077-08-01,641.9917770125958
2077-09-01,642.4534078422782
2077-10-01,642.900147354874
2077-11-01,643.3617781845564
2077-12-01,643.8085176971522
2078-01-01,644.2701485268346
2078-02-01,644.731779356517
2078-03-01,645.1487362349397
2078-04-01,645.6103670646221
2078-05-01,646.057106577218
2078-06-01,646.5187374069003
2078-07-01,646.9654769194962
2078-08-01,647.4271077491785
2078-09-01,647.8887385788609
2078-10-01,648.3354780914567
2078-11-01,648.797108921139
2078-12-01,649.2438484337349
2079-01-01,649.7054792634173
2079-02-01,650.1671100930996
2079-03-01,650.5840669715225
2079-04-01,651.0456978012048
2079-05-01,651.4924373138007
2079-06-01,651.954068143483
2079-07-01,652.4008076560789
2079-08-01,652.8624384857612
2079-09-01,653.3240693154436
2079-10-01,653.7708088280394
2079-11-01,654.2324396577218
2079-12-01,654.6791791703176
2080-01-01,655.14081
2080-02-01,655.6793470407883
2080-03-01,656.1831397563647
2080-04-01,656.721676797153
2080-05-01,657.2428416753353
2080-06-01,657.7813787161238
2080-07-01,658.302543594306
2080-08-01,658.8410806350944
2080-09-01,659.3796176758829
2080-10-01,659.9007825540651
2080-11-01,660.4393195948535
2080-12-01,660.9604844730359
2081-01-01,661.4990215138242
2081-02-01,662.0375585546126
2081-03-01,662.5239791075828
2081-04-01,663.0625161483712
2081-05-01,663.5836810265534
2081-06-01,664.1222180673419
2081-07-01,664.6433829455242
2081-08-01,665.1819199863127
2081-09-01,665.720457027101
2081-10-01,666.2416219052833
2081-11-01,666.7801589460718
2081-12-01,667.301323824254
2082-01-01,667.8398608650424
2082-02-01,668.3783979058309
2082-03-01,668.864818458801
2082-04-01,669.4033554995893
2082-05-01,669.9245203777717
2082-06-01,670.4630574185601
2082-07-01,670.9842222967424
2082-08-01,671.5227593375308
2082-09-01,672.0612963783192
2082-10-01,672.5824612565015
2082-11-01,673.1209982972899
2082-12-01,673.6421631754722
2083-01-01,674.1807002162606
2083-02-01,674.719237257049
2083-03-01,675.2056578100191
2083-04-01,675.7441948508075
2083-05-01,676.2653597289899
2083-06-01,676.8038967697782
2083-07-01,677.3250616479605
2083-08-01,677.863598688749
2083-09-01,678.4021357295373
2083-10-01,678.9233006077196
2083-11-01,679.4618376485081
2083-12-01,679.9830025266904
2084-01-01,680.5215395674787
2084-02-01,681.0600766082672
2084-03-01,681.5638693238434
2084-04-01,682.1024063646317
2084-05-01,682.6235712428141
2084-06-01,683.1621082836025
2084-07-01,683.6832731617848
2084-08-01,684.2218102025732
2084-09-01,684.7603472433616
2084-10-01,685.2815121215439
2084-11-01,685.8200491623323
2084-12-01,686.3412140405146
2085-01-01,686.8797510813031
2085-02-01,687.4182881220914
2085-03-01,687.9047086750616
2085-04-01,688.44324571585
2085-05-01,688.9644105940323
2085-06-01,689.5029476348207
2085-07-01,690.024112513003
2085-08-01,690.5626495537914
2085-09-01,691.1011865945798
2085-10-01,691.6223514727621
2085-11-01,692.1608885135505
2085-12-01,692.6820533917328
2086-01-01,693.2205904325212
2086-02-01,693.7591274733096
2086-03-01,694.2455480262797
2086-04-01,694.7840850670682
2086-05-01,695.3052499452505
2086-06-01,695.8437869860388
2086-07-01,696.3649518642212
2086-08-01,696.9034889050096
2086-09-01,697.4420259457979
2086-10-01,697.9631908239803
2086-11-01,698.5017278647687
2086-12-01,699.022892742951
2087-01-01,699.5614297837394
2087-02-01,700.0999668245278
2087-03-01,700.5863873774979
2087-04-01,701.1249244182864
2087-05-01,701.6460892964686
2087-06-01,702.184626337257
2087-07-01,702.7057912154394
2087-08-01,703.2443282562277
2087-09-01,703.7828652970161
2087-10-01,704.3040301751985
2087-11-01,704.8425672159868
2087-12-01,705.3637320941692
2088-01-01,705.9022691349576
2088-02-01,706.4408061757459
2088-03-01,706.9445988913222
2088-04-01,707.4831359321106
2088-05-01,708.0043008102929
2088-06-01,708.5428378510813
2088-07-01,709.0640027292636
2088-08-01,709.602539770052
2088-09-01,710.1410768108404
2088-10-01,710.6622416890227
2088-11-01,711.2007787298111
2088-12-01,711.7219436079935
2089-01-01,712.2604806487818
2089-02-01,712.7990176895702
2089-03-01,713.2854382425404
2089-04-01,713.8239752833288
2089-05-01,714.345140161511
2089-06-01,714.8836772022995
2089-07-01,715.4048420804818
2089-08-01,715.9433791212701
2089-09-01,716.4819161620586
2089-10-01,717.0030810402409
2089-11-01,717.5416180810292
2089-12-01,718.0627829592116
2090-01-01,718.60132
2090-02-01,719.2061079299015
2090-03-01,719.7523679956188
2090-04-01,720.3571559255203
2090-05-01,720.9424345673604
2090-06-01,721.5472224972617
2090-07-01,722.1325011391018
2090-08-01,722.7372890690033
2090-09-01,723.3420769989046
2090-10-01,723.9273556407447
2090-11-01,724.5321435706462
2090-12-01,725.1174222124863
2091-01-01,725.7222101423877
2091-02-01,726.3269980722891
2091-03-01,726.8732581380066
2091-04-01,727.4780460679079
2091-05-01,728.063324709748
2091-06-01,728.6681126396495
2091-07-01,729.2533912814896
2091-08-01,729.858179211391
2091-09-01,730.4629671412924
2091-10-01,731.0482457831325
2091-11-01,731.6530337130339
2091-12-01,732.238312354874
2092-01-01,732.8431002847755
2092-02-01,733.4478882146769
2092-03-01,734.0136575684556
2092-04-01,734.618445498357
2092-05-01,735.2037241401971
2092-06-01,735.8085120700986
2092-07-01,736.3937907119387
2092-08-01,736.99857864184
2092-09-01,737.6033665717415
2092-10-01,738.1886452135816
2092-11-01,738.7934331434831
2092-12-01,739.378711785323
2093-01-01,739.9834997152245
2093-02-01,740.588287645126
2093-03-01,741.1345477108433
2093-04-01,741.7393356407448
2093-05-01,742.3246142825849
2093-06-01,742.9294022124863
2093-07-01,743.5146808543263
2093-08-01,744.1194687842278
2093-09-01,744.7242567141293
2093-10-01,745.3095353559693
2093-11-01,745.9143232858708
2093-12-01,746.4996019277108
2094-01-01,747.1043898576123
2094-02-01,747.7091777875137
2094-03-01,748.2554378532311
2094-04-01,748.8602257831325
2094-05-01,749.4455044249726
2094-06-01,750.050292354874
2094-07-01,750.6355709967141
2094-08-01,751.2403589266155
2094-09-01,751.845146856517
2094-10-01,752.4304254983571
2094-11-01,753.0352134282585
2094-12-01,753.6204920700985
2095-01-01,754.22528
2095-02-01,754.8300679299015
2095-03-01,755.3763279956188
2095-04-01,755.9811159255203
2095-05-01,756.5663945673604
2095-06-01,757.1711824972617
2095-07-01,757.7564611391018
2095-08-01,758.3612490690033
2095-09-01,758.9660369989047
2095-10-01,759.5513156407447
2095-11-01,760.1561035706462
2095-12-01,760.7413822124863
2096-01-01,761.3461701423878
2096-02-01,761.9509580722892
2096-03-01,762.5167274260679
2096-04-01,763.1215153559693
2096-05-01,763.7067939978094
2096-06-01,764.3115819277108
2096-07-01,764.8968605695509
2096-08-01,765.5016484994524
2096-09-01,766.1064364293538
2096-10-01,766.6917150711939
2096-11-01,767.2965030010953
2096-12-01,767.8817816429354
2097-01-01,768.4865695728369
2097-02-01,769.0913575027382
2097-03-01,769.6376175684557
2097-04-01,770.242405498357
2097-05-01,770.8276841401971
2097-06-01,771.4324720700986
2097-07-01,772.0177507119387
2097-08-01,772.62253864184
2097-09-01,773.2273265717415
2097-10-01,773.8126052135816
2097-11-01,774.4173931434831
2097-12-01,775.0026717853232
2098-01-01,775.6074597152245
2098-02-01,776.212247645126
2098-03-01,776.7585077108433
2098-04-01,777.3632956407448
2098-05-01,777.9485742825849
2098-06-01,778.5533622124863
2098-07-01,779.1386408543264
2098-08-01,779.7434287842278
2098-09-01,780.3482167141293
2098-10-01,780.9334953559693
2098-11-01,781.5382832858708
2098-12-01,782.1235619277109
2099-01-01,782.7283498576123
2099-02-01,783.3331377875137
2099-03-01,783.8793978532311
2099-04-01,784.4841857831325
2099-05-01,785.0694644249726
2099-06-01,785.674252354874
2099-07-01,786.2595309967141
2099-08-01,786.8643189266155
2099-09-01,787.469106856517
2099-10-01,788.0543854983571
2099-11-01,788.6591734282586
2099-12-01,789.2444520700985
2100-01-01,789.84924
