ds,Population
1979-01-01,4365583000.0
1979-02-01,4372243753.424658
1979-03-01,4378259917.808219
1979-04-01,4384920671.232877
1979-05-01,4391366561.643836
1979-06-01,4398027315.068493
1979-07-01,4404473205.479452
1979-08-01,4411133958.90411
1979-09-01,4417794712.328767
1979-10-01,4424240602.739726
1979-11-01,4430901356.164384
1979-12-01,4437347246.575342
1980-01-01,4444008000.0
1980-02-01,4450836427.595629
1980-03-01,4457224311.4754095
1980-04-01,4464052739.071038
1980-05-01,4470660894.8087435
1980-06-01,4477489322.404371
1980-07-01,4484097478.1420765
1980-08-01,4490925905.737705
1980-09-01,4497754333.333333
1980-10-01,4504362489.071038
1980-11-01,4511190916.666667
1980-12-01,4517799072.404371
1981-01-01,4524627500.0
1981-02-01,4531707144.109589
1981-03-01,4538101661.369863
1981-04-01,4545181305.479452
1981-05-01,4552032573.972603
1981-06-01,4559112218.082191
1981-07-01,4565963486.575342
1981-08-01,4573043130.684932
1981-09-01,4580122774.79452
1981-10-01,4586974043.287671
1981-11-01,4594053687.397261
1981-12-01,4600904955.890411
1982-01-01,4607984600.0
1982-02-01,4615110302.465754
1982-03-01,4621546420.821918
1982-04-01,4628672123.287671
1982-05-01,4635567964.383562
1982-06-01,4642693666.849315
1982-07-01,4649589507.945206
1982-08-01,4656715210.410959
1982-09-01,4663840912.876713
1982-10-01,4670736753.972603
1982-11-01,4677862456.438356
1982-12-01,4684758297.534246
1983-01-01,4691884000.0
1983-02-01,4699014169.863013
1983-03-01,4705454323.287671
1983-04-01,4712584493.150685
1983-05-01,4719484657.534246
1983-06-01,4726614827.397261
1983-07-01,4733514991.780822
1983-08-01,4740645161.643836
1983-09-01,4747775331.506849
1983-10-01,4754675495.890411
1983-11-01,4761805665.753425
1983-12-01,4768705830.136987
1984-01-01,4775836000.0
1984-02-01,4783111259.562841
1984-03-01,4789917147.540983
1984-04-01,4797192407.103826
1984-05-01,4804232980.874317
1984-06-01,4811508240.437159
1984-07-01,4818548814.20765
1984-08-01,4825824073.770492
1984-09-01,4833099333.333333
1984-10-01,4840139907.103826
1984-11-01,4847415166.666667
1984-12-01,4854455740.437159
1985-01-01,4861731000.0
1985-02-01,4869233169.863013
1985-03-01,4876009323.287671
1985-04-01,4883511493.150685
1985-05-01,4890771657.534246
1985-06-01,4898273827.397261
1985-07-01,4905533991.780822
1985-08-01,4913036161.643836
1985-09-01,4920538331.506849
1985-10-01,4927798495.890411
1985-11-01,4935300665.753425
1985-12-01,4942560830.136987
1986-01-01,4950063000.0
1986-02-01,4957785108.493151
1986-03-01,4964759916.164384
1986-04-01,4972482024.657535
1986-05-01,4979955032.876713
1986-06-01,4987677141.369863
1986-07-01,4995150149.589041
1986-08-01,5002872258.082191
1986-09-01,5010594366.575342
1986-10-01,5018067374.79452
1986-11-01,5025789483.287671
1986-12-01,5033262491.506849
1987-01-01,5040984600.0
1987-02-01,5048739644.931507
1987-03-01,5055744201.643836
1987-04-01,5063499246.575342
1987-05-01,5071004128.767123
1987-06-01,5078759173.69863
1987-07-01,5086264055.890411
1987-08-01,5094019100.821918
1987-09-01,5101774145.753425
1987-10-01,5109279027.945206
1987-11-01,5117034072.876713
1987-12-01,5124538955.068493
1988-01-01,5132294000.0
1988-02-01,5140036377.04918
1988-03-01,5147279245.901639
1988-04-01,5155021622.95082
1988-05-01,5162514245.901639
1988-06-01,5170256622.95082
1988-07-01,5177749245.901639
1988-08-01,5185491622.95082
1988-09-01,5193234000.0
1988-10-01,5200726622.95082
1988-11-01,5208469000.0
1988-12-01,5215961622.95082
1989-01-01,5223704000.0
1989-02-01,5231557786.30137
1989-03-01,5238651528.767123
1989-04-01,5246505315.068493
1989-05-01,5254105753.424658
1989-06-01,5261959539.7260275
1989-07-01,5269559978.082191
1989-08-01,5277413764.383562
1989-09-01,5285267550.684932
1989-10-01,5292867989.041096
1989-11-01,5300721775.342465
1989-12-01,5308322213.69863
1990-01-01,5316176000.0
1990-02-01,5323825780.821918
1990-03-01,5330735260.2739725
1990-04-01,5338385041.09589
1990-05-01,5345788054.79452
1990-06-01,5353437835.616438
1990-07-01,5360840849.315068
1990-08-01,5368490630.136987
1990-09-01,5376140410.958904
1990-10-01,5383543424.657535
1990-11-01,5391193205.479452
1990-12-01,5398596219.178082
1991-01-01,5406246000.0
1991-02-01,5413587504.931507
1991-03-01,5420218541.643836
1991-04-01,5427560046.575342
1991-05-01,5434664728.767123
1991-06-01,5442006233.69863
1991-07-01,5449110915.890411
1991-08-01,5456452420.821918
1991-09-01,5463793925.753425
1991-10-01,5470898607.945206
1991-11-01,5478240112.876713
1991-12-01,5485344795.068493
1992-01-01,5492686300.0
1992-02-01,5499864350.0
1992-03-01,5506579300.0
1992-04-01,5513757350.0
1992-05-01,5520703850.0
1992-06-01,5527881900.0
1992-07-01,5534828400.0
1992-08-01,5542006450.0
1992-09-01,5549184500.0
1992-10-01,5556131000.0
1992-11-01,5563309050.0
1992-12-01,5570255550.0
1993-01-01,5577433600.0
1993-02-01,5584507918.90411
1993-03-01,5590897626.30137
1993-04-01,5597971945.20548
1993-05-01,5604818060.2739725
1993-06-01,5611892379.178082
1993-07-01,5618738494.246575
1993-08-01,5625812813.150685
1993-09-01,5632887132.054794
1993-10-01,5639733247.123287
1993-11-01,5646807566.027397
1993-12-01,5653653681.09589
1994-01-01,5660728000.0
1994-02-01,5667734144.383562
1994-03-01,5674062274.79452
1994-04-01,5681068419.178082
1994-05-01,5687848558.90411
1994-06-01,5694854703.287671
1994-07-01,5701634843.013699
1994-08-01,5708640987.397261
1994-09-01,5715647131.780822
1994-10-01,5722427271.506849
1994-11-01,5729433415.890411
1994-12-01,5736213555.616438
1995-01-01,5743219700.0
1995-02-01,5750177764.657535
1995-03-01,5756462468.219178
1995-04-01,5763420532.876713
1995-05-01,5770154143.835616
1995-06-01,5777112208.493151
1995-07-01,5783845819.452055
1995-08-01,5790803884.109589
1995-09-01,5797761948.767123
1995-10-01,5804495559.7260275
1995-11-01,5811453624.383562
1995-12-01,5818187235.342465
1996-01-01,5825145300.0
1996-02-01,5832034389.344262
1996-03-01,5838479021.311476
1996-04-01,5845368110.655738
1996-05-01,5852034971.311476
1996-06-01,5858924060.655738
1996-07-01,5865590921.311476
1996-08-01,5872480010.655738
1996-09-01,5879369100.0
1996-10-01,5886035960.655738
1996-11-01,5892925050.0
1996-12-01,5899591910.655738
1997-01-01,5906481000.0
1997-02-01,5913346149.589041
1997-03-01,5919546929.863013
1997-04-01,5926412079.452055
1997-05-01,5933055772.602739
1997-06-01,5939920922.191781
1997-07-01,5946564615.342465
1997-08-01,5953429764.931507
1997-09-01,5960294914.520548
1997-10-01,5966938607.671233
1997-11-01,5973803757.260274
1997-12-01,5980447450.410959
1998-01-01,5987312600.0
1998-02-01,5994145000.0
1998-03-01,6000316200.0
1998-04-01,6007148600.0
1998-05-01,6013760600.0
1998-06-01,6020593000.0
1998-07-01,6027205000.0
1998-08-01,6034037400.0
1998-09-01,6040869800.0
1998-10-01,6047481800.0
1998-11-01,6054314200.0
1998-12-01,6060926200.0
1999-01-01,6067758600.0
1999-02-01,6074649976.438356
1999-03-01,6080874445.479452
1999-04-01,6087765821.917809
1999-05-01,6094434895.890411
1999-06-01,6101326272.328767
1999-07-01,6107995346.30137
1999-08-01,6114886722.739726
1999-09-01,6121778099.178082
1999-10-01,6128447173.150685
1999-11-01,6135338549.589041
1999-12-01,6142007623.561644
2000-01-01,6148899000.0
2000-02-01,6155831480.874317
2000-03-01,6162316704.918033
2000-04-01,6169249185.79235
2000-05-01,6175958038.251366
2000-06-01,6182890519.125683
2000-07-01,6189599371.5847
2000-08-01,6196531852.459017
2000-09-01,6203464333.333333
2000-10-01,6210173185.79235
2000-11-01,6217105666.666667
2000-12-01,6223814519.125683
2001-01-01,6230747000.0
2001-02-01,6237682557.808219
2001-03-01,6243946932.602739
2001-04-01,6250882490.410959
2001-05-01,6257594320.547945
2001-06-01,6264529878.356164
2001-07-01,6271241708.493151
2001-08-01,6278177266.30137
2001-09-01,6285112824.109589
2001-10-01,6291824654.246575
2001-11-01,6298760212.054794
2001-12-01,6305472042.191781
2002-01-01,6312407600.0
2002-02-01,6319328744.931507
2002-03-01,6325580101.643836
2002-04-01,6332501246.575342
2002-05-01,6339199128.767123
2002-06-01,6346120273.69863
2002-07-01,6352818155.890411
2002-08-01,6359739300.821918
2002-09-01,6366660445.753425
2002-10-01,6373358327.945206
2002-11-01,6380279472.876713
2002-12-01,6386977355.068493
2003-01-01,6393898500.0
2003-02-01,6400850390.136987
2003-03-01,6407129516.712329
2003-04-01,6414081406.849315
2003-05-01,6420809042.465754
2003-06-01,6427760932.602739
2003-07-01,6434488568.219178
2003-08-01,6441440458.356164
2003-09-01,6448392348.493151
2003-10-01,6455119984.109589
2003-11-01,6462071874.246575
2003-12-01,6468799509.863013
2004-01-01,6475751400.0
2004-02-01,6482732718.579235
2004-03-01,6489263629.508197
2004-04-01,6496244948.087432
2004-05-01,6503001062.84153
2004-06-01,6509982381.420765
2004-07-01,6516738496.174864
2004-08-01,6523719814.754098
2004-09-01,6530701133.333333
2004-10-01,6537457248.087432
2004-11-01,6544438566.666667
2004-12-01,6551194681.420765
2005-01-01,6558176000.0
2005-02-01,6565245698.630137
2005-03-01,6571631232.876713
2005-04-01,6578700931.506849
2005-05-01,6585542575.342465
2005-06-01,6592612273.972603
2005-07-01,6599453917.808219
2005-08-01,6606523616.438356
2005-09-01,6613593315.068493
2005-10-01,6620434958.90411
2005-11-01,6627504657.534246
2005-12-01,6634346301.369863
2006-01-01,6641416000.0
2006-02-01,6648595464.109589
2006-03-01,6655080141.369863
2006-04-01,6662259605.479452
2006-05-01,6669207473.972603
2006-06-01,6676386938.082191
2006-07-01,6683334806.575342
2006-08-01,6690514270.684932
2006-09-01,6697693734.79452
2006-10-01,6704641603.287671
2006-11-01,6711821067.397261
2006-12-01,6718768935.890411
2007-01-01,6725948400.0
2007-02-01,6733222690.136987
2007-03-01,6739793016.712329
2007-04-01,6747067306.849315
2007-05-01,6754106942.465754
2007-06-01,6761381232.602739
2007-07-01,6768420868.219178
2007-08-01,6775695158.356164
2007-09-01,6782969448.493151
2007-10-01,6790009084.109589
2007-11-01,6797283374.246575
2007-12-01,6804323009.863013
2008-01-01,6811597300.0
2008-02-01,6818941479.508197
2008-03-01,6825811840.983606
2008-04-01,6833156020.491803
2008-05-01,6840263290.983606
2008-06-01,6847607470.491803
2008-07-01,6854714740.983606
2008-08-01,6862058920.491803
2008-09-01,6869403100.0
2008-10-01,6876510370.491803
2008-11-01,6883854550.0
2008-12-01,6890961820.491803
2009-01-01,6898306000.0
2009-02-01,6905720265.753425
2009-03-01,6912417021.917809
2009-04-01,6919831287.671233
2009-05-01,6927006383.561644
2009-06-01,6934420649.315068
2009-07-01,6941595745.20548
2009-08-01,6949010010.958904
2009-09-01,6956424276.712329
2009-10-01,6963599372.602739
2009-11-01,6971013638.356164
2009-12-01,6978188734.246575
2010-01-01,6985603000.0
2010-02-01,6993036409.315068
2010-03-01,6999750456.438356
2010-04-01,7007183865.753425
2010-05-01,7014377487.671233
2010-06-01,7021810896.986301
2010-07-01,7029004518.90411
2010-08-01,7036437928.219178
2010-09-01,7043871337.534246
2010-10-01,7051064959.452055
2010-11-01,7058498368.767123
2010-12-01,7065691990.684932
2011-01-01,7073125400.0
2011-02-01,7080648004.383562
2011-03-01,7087442614.79452
2011-04-01,7094965219.178082
2011-05-01,7102245158.90411
2011-06-01,7109767763.287671
2011-07-01,7117047703.013699
2011-08-01,7124570307.397261
2011-09-01,7132092911.780822
2011-10-01,7139372851.506849
2011-11-01,7146895455.890411
2011-12-01,7154175395.616438
2012-01-01,7161698000.0
2012-02-01,7169227383.333333
2012-03-01,7176271000.0
2012-04-01,7183800383.333333
2012-05-01,7191086883.333333
2012-06-01,7198616266.666667
2012-07-01,7205902766.666667
2012-08-01,7213432150.0
2012-09-01,7220961533.333333
2012-10-01,7228248033.333333
2012-11-01,7235777416.666667
2012-12-01,7243063916.666667
2013-01-01,7250593300.0
2013-02-01,7258102969.315068
2013-03-01,7264885896.438356
2013-04-01,7272395565.753425
2013-05-01,7279662987.671233
2013-06-01,7287172656.986301
2013-07-01,7294440078.90411
2013-08-01,7301949748.219178
2013-09-01,7309459417.534246
2013-10-01,7316726839.452055
2013-11-01,7324236508.767123
2013-12-01,7331503930.684932
2014-01-01,7339013600.0
2014-02-01,7346452224.109589
2014-03-01,7353170981.369863
2014-04-01,7360609605.479452
2014-05-01,7367808273.972603
2014-06-01,7375246898.082191
2014-07-01,7382445566.575342
2014-08-01,7389884190.684932
2014-09-01,7397322814.79452
2014-10-01,7404521483.287671
2014-11-01,7411960107.397261
2014-12-01,7419158775.890411
2015-01-01,7426597400.0
2015-02-01,7433975960.547945
2015-03-01,7440640466.849315
2015-04-01,7448019027.397261
2015-05-01,7455159569.863013
2015-06-01,7462538130.410959
2015-07-01,7469678672.876713
2015-08-01,7477057233.424658
2015-09-01,7484435793.972603
2015-10-01,7491576336.438356
2015-11-01,7498954896.986301
2015-12-01,7506095439.452055
2016-01-01,7513474000.0
2016-02-01,7520787653.825136
2016-03-01,7527629459.016394
2016-04-01,7534943112.84153
2016-05-01,7542020842.349727
2016-06-01,7549334496.174864
2016-07-01,7556412225.68306
2016-08-01,7563725879.508197
2016-09-01,7571039533.333333
2016-10-01,7578117262.84153
2016-11-01,7585430916.666667
2016-12-01,7592508646.174864
2017-01-01,7599822300.0
2017-02-01,7606953803.287671
2017-03-01,7613395161.09589
2017-04-01,7620526664.383562
2017-05-01,7627428119.178082
2017-06-01,7634559622.465754
2017-07-01,7641461077.260274
2017-08-01,7648592580.547945
2017-09-01,7655724083.835616
2017-10-01,7662625538.630137
2017-11-01,7669757041.917809
2017-12-01,7676658496.712329
2018-01-01,7683790000.0
2018-02-01,7690683126.027397
2018-03-01,7696909175.342465
2018-04-01,7703802301.369863
2018-05-01,7710473068.493151
2018-06-01,7717366194.520548
2018-07-01,7724036961.643836
2018-08-01,7730930087.671233
2018-09-01,7737823213.69863
2018-10-01,7744493980.821918
2018-11-01,7751387106.849315
2018-12-01,7758057873.972603
2019-01-01,7764951000.0
2019-02-01,7764951000.0
2019-03-01,7764951000.0
2019-04-01,7764951000.0
2019-05-01,7764951000.0
2019-06-01,7764951000.0
2019-07-01,7764951000.0
2019-08-01,7764951000.0
2019-09-01,7764951000.0
2019-10-01,7764951000.0
2019-11-01,7764951000.0
2019-12-01,7764951000.0
2020-01-01,7697853900.0
2020-02-01,7704782467.040789
2020-03-01,7711264029.756365
2020-04-01,7718192596.797153
2020-05-01,7724897661.675335
2020-06-01,7731826228.716124
2020-07-01,7738531293.594306
2020-08-01,7745459860.635095
2020-09-01,7752388427.675883
2020-10-01,7759093492.554065
2020-11-01,7766022059.594853
2020-12-01,7772727124.473036
2021-01-01,7779655691.513824
2021-02-01,7786584258.554613
2021-03-01,7792842319.107583
2021-04-01,7799770886.148371
2021-05-01,7806475951.026553
2021-06-01,7813404518.067342
2021-07-01,7820109582.945524
2021-08-01,7827038149.986313
2021-09-01,7833966717.027101
2021-10-01,7840671781.905283
2021-11-01,7847600348.946072
2021-12-01,7854305413.824254
2022-01-01,7861233980.865043
2022-02-01,7868162547.90583
2022-03-01,7874420608.458801
2022-04-01,7881349175.499589
2022-05-01,7888054240.377771
2022-06-01,7894982807.41856
2022-07-01,7901687872.296742
2022-08-01,7908616439.337531
2022-09-01,7915545006.378319
2022-10-01,7922250071.256501
2022-11-01,7929178638.29729
2022-12-01,7935883703.175472
2023-01-01,7942812270.216261
2023-02-01,7949740837.257049
2023-03-01,7955998897.8100195
2023-04-01,7962927464.850807
2023-05-01,7969632529.72899
2023-06-01,7976561096.769778
2023-07-01,7983266161.647961
2023-08-01,7990194728.688749
2023-09-01,7997123295.729537
2023-10-01,8003828360.607719
2023-11-01,8010756927.648508
2023-12-01,8017461992.5266905
2024-01-01,8024390559.567479
2024-02-01,8031319126.608267
2024-03-01,8037800689.323843
2024-04-01,8044729256.364632
2024-05-01,8051434321.242814
2024-06-01,8058362888.283603
2024-07-01,8065067953.161785
2024-08-01,8071996520.202573
2024-09-01,8078925087.243361
2024-10-01,8085630152.121544
2024-11-01,8092558719.162333
2024-12-01,8099263784.040515
2025-01-01,8106192351.081303
2025-02-01,8113120918.122091
2025-03-01,8119378978.675061
2025-04-01,8126307545.71585
2025-05-01,8133012610.594032
2025-06-01,8139941177.634821
2025-07-01,8146646242.513003
2025-08-01,8153574809.553791
2025-09-01,8160503376.59458
2025-10-01,8167208441.472762
2025-11-01,8174137008.513551
2025-12-01,8180842073.391733
2026-01-01,8187770640.432521
2026-02-01,8194699207.4733095
2026-03-01,8200957268.026279
2026-04-01,8207885835.067068
2026-05-01,8214590899.9452505
2026-06-01,8221519466.986039
2026-07-01,8228224531.864222
2026-08-01,8235153098.905009
2026-09-01,8242081665.945798
2026-10-01,8248786730.82398
2026-11-01,8255715297.864769
2026-12-01,8262420362.742951
2027-01-01,8269348929.783739
2027-02-01,8276277496.824528
2027-03-01,8282535557.377498
2027-04-01,8289464124.418286
2027-05-01,8296169189.296469
2027-06-01,8303097756.337257
2027-07-01,8309802821.21544
2027-08-01,8316731388.2562275
2027-09-01,8323659955.297016
2027-10-01,8330365020.175199
2027-11-01,8337293587.215987
2027-12-01,8343998652.09417
2028-01-01,8350927219.134957
2028-02-01,8357855786.175746
2028-03-01,8364337348.891322
2028-04-01,8371265915.932111
2028-05-01,8377970980.810293
2028-06-01,8384899547.851081
2028-07-01,8391604612.729263
2028-08-01,8398533179.770052
2028-09-01,8405461746.810841
2028-10-01,8412166811.689023
2028-11-01,8419095378.729811
2028-12-01,8425800443.607993
2029-01-01,8432729010.648782
2029-02-01,8439657577.68957
2029-03-01,8445915638.24254
2029-04-01,8452844205.283329
2029-05-01,8459549270.161511
2029-06-01,8466477837.202299
2029-07-01,8473182902.080482
2029-08-01,8480111469.12127
2029-09-01,8487040036.162059
2029-10-01,8493745101.040241
2029-11-01,8500673668.081029
2029-12-01,8507378732.959211
2030-01-01,8514307300.0
2030-02-01,8520613515.744798
2030-03-01,8526309452.54655
2030-04-01,8532615668.2913475
2030-05-01,8538718457.721796
2030-06-01,8545024673.466594
2030-07-01,8551127462.897042
2030-08-01,8557433678.64184
2030-09-01,8563739894.386638
2030-10-01,8569842683.817086
2030-11-01,8576148899.561884
2030-12-01,8582251688.992333
2031-01-01,8588557904.73713
2031-02-01,8594864120.481928
2031-03-01,8600560057.28368
2031-04-01,8606866273.028477
2031-05-01,8612969062.458927
2031-06-01,8619275278.203724
2031-07-01,8625378067.634172
2031-08-01,8631684283.378971
2031-09-01,8637990499.123768
2031-10-01,8644093288.554216
2031-11-01,8650399504.299015
2031-12-01,8656502293.729464
2032-01-01,8662808509.47426
2032-02-01,8669114725.219059
2032-03-01,8675014088.33516
2032-04-01,8681320304.079956
2032-05-01,8687423093.510405
2032-06-01,8693729309.255203
2032-07-01,8699832098.685652
2032-08-01,8706138314.430449
2032-09-01,8712444530.175247
2032-10-01,8718547319.605696
2032-11-01,8724853535.350492
2032-12-01,8730956324.780941
2033-01-01,8737262540.52574
2033-02-01,8743568756.270536
2033-03-01,8749264693.072289
2033-04-01,8755570908.817087
2033-05-01,8761673698.247536
2033-06-01,8767979913.992332
2033-07-01,8774082703.422783
2033-08-01,8780388919.16758
2033-09-01,8786695134.912376
2033-10-01,8792797924.342825
2033-11-01,8799104140.087624
2033-12-01,8805206929.518072
2034-01-01,8811513145.262869
2034-02-01,8817819361.007668
2034-03-01,8823515297.80942
2034-04-01,8829821513.554216
2034-05-01,8835924302.984667
2034-06-01,8842230518.729464
2034-07-01,8848333308.159912
2034-08-01,8854639523.904709
2034-09-01,8860945739.649508
2034-10-01,8867048529.079956
2034-11-01,8873354744.824753
2034-12-01,8879457534.255203
2035-01-01,8885763750.0
2035-02-01,8892069965.744797
2035-03-01,8897765902.54655
2035-04-01,8904072118.291348
2035-05-01,8910174907.721796
2035-06-01,8916481123.466593
2035-07-01,8922583912.897043
2035-08-01,8928890128.64184
2035-09-01,8935196344.386637
2035-10-01,8941299133.817087
2035-11-01,8947605349.561884
2035-12-01,8953708138.992332
2036-01-01,8960014354.737131
2036-02-01,8966320570.481928
2036-03-01,8972219933.598028
2036-04-01,8978526149.342825
2036-05-01,8984628938.773275
2036-06-01,8990935154.518072
2036-07-01,8997037943.94852
2036-08-01,9003344159.69332
2036-09-01,9009650375.438116
2036-10-01,9015753164.868565
2036-11-01,9022059380.613363
2036-12-01,9028162170.043812
2037-01-01,9034468385.788609
2037-02-01,9040774601.533407
2037-03-01,9046470538.33516
2037-04-01,9052776754.079956
2037-05-01,9058879543.510405
2037-06-01,9065185759.255203
2037-07-01,9071288548.685652
2037-08-01,9077594764.430449
2037-09-01,9083900980.175247
2037-10-01,9090003769.605696
2037-11-01,9096309985.350492
2037-12-01,9102412774.780943
2038-01-01,9108718990.52574
2038-02-01,9115025206.270536
2038-03-01,9120721143.072289
2038-04-01,9127027358.817087
2038-05-01,9133130148.247536
2038-06-01,9139436363.992332
2038-07-01,9145539153.422783
2038-08-01,9151845369.16758
2038-09-01,9158151584.912376
2038-10-01,9164254374.342825
2038-11-01,9170560590.087624
2038-12-01,9176663379.518072
2039-01-01,9182969595.262869
2039-02-01,9189275811.007668
2039-03-01,9194971747.80942
2039-04-01,9201277963.554216
2039-05-01,9207380752.984667
2039-06-01,9213686968.729464
2039-07-01,9219789758.159912
2039-08-01,9226095973.904709
2039-09-01,9232402189.649508
2039-10-01,9238504979.079956
2039-11-01,9244811194.824753
2039-12-01,9250913984.255203
2040-01-01,9257220200.0
2040-02-01,9263159764.358063
2040-03-01,9268716131.015604
2040-04-01,9274655695.373665
2040-05-01,9280403660.881468
2040-06-01,9286343225.239529
2040-07-01,9292091190.747332
2040-08-01,9298030755.105392
2040-09-01,9303970319.463455
2040-10-01,9309718284.971256
2040-11-01,9315657849.329319
2040-12-01,9321405814.83712
2041-01-01,9327345379.195183
2041-02-01,9333284943.553244
2041-03-01,9338649711.360525
2041-04-01,9344589275.718588
2041-05-01,9350337241.226389
2041-06-01,9356276805.584452
2041-07-01,9362024771.092253
2041-08-01,9367964335.450315
2041-09-01,9373903899.808376
2041-10-01,9379651865.31618
2041-11-01,9385591429.67424
2041-12-01,9391339395.182043
2042-01-01,9397278959.540104
2042-02-01,9403218523.898167
2042-03-01,9408583291.705448
2042-04-01,9414522856.063509
2042-05-01,9420270821.571312
2042-06-01,9426210385.929373
2042-07-01,9431958351.437176
2042-08-01,9437897915.795237
2042-09-01,9443837480.1533
2042-10-01,9449585445.6611
2042-11-01,9455525010.019163
2042-12-01,9461272975.526964
2043-01-01,9467212539.885027
2043-02-01,9473152104.243088
2043-03-01,9478516872.05037
2043-04-01,9484456436.408432
2043-05-01,9490204401.916233
2043-06-01,9496143966.274296
2043-07-01,9501891931.782097
2043-08-01,9507831496.14016
2043-09-01,9513771060.49822
2043-10-01,9519519026.006021
2043-11-01,9525458590.364084
2043-12-01,9531206555.871885
2044-01-01,9537146120.229948
2044-02-01,9543085684.58801
2044-03-01,9548642051.245552
2044-04-01,9554581615.603613
2044-05-01,9560329581.111416
2044-06-01,9566269145.469477
2044-07-01,9572017110.97728
2044-08-01,9577956675.33534
2044-09-01,9583896239.693403
2044-10-01,9589644205.201204
2044-11-01,9595583769.559267
2044-12-01,9601331735.067068
2045-01-01,9607271299.42513
2045-02-01,9613210863.783192
2045-03-01,9618575631.590473
2045-04-01,9624515195.948536
2045-05-01,9630263161.456337
2045-06-01,9636202725.8144
2045-07-01,9641950691.3222
2045-08-01,9647890255.680264
2045-09-01,9653829820.038324
2045-10-01,9659577785.546127
2045-11-01,9665517349.904188
2045-12-01,9671265315.41199
2046-01-01,9677204879.770052
2046-02-01,9683144444.128115
2046-03-01,9688509211.935396
2046-04-01,9694448776.293457
2046-05-01,9700196741.80126
2046-06-01,9706136306.15932
2046-07-01,9711884271.667124
2046-08-01,9717823836.025185
2046-09-01,9723763400.383247
2046-10-01,9729511365.891048
2046-11-01,9735450930.249111
2046-12-01,9741198895.756912
2047-01-01,9747138460.114973
2047-02-01,9753078024.473036
2047-03-01,9758442792.280317
2047-04-01,9764382356.63838
2047-05-01,9770130322.146181
2047-06-01,9776069886.504244
2047-07-01,9781817852.012045
2047-08-01,9787757416.370108
2047-09-01,9793696980.728168
2047-10-01,9799444946.23597
2047-11-01,9805384510.594032
2047-12-01,9811132476.101833
2048-01-01,9817072040.459896
2048-02-01,9823011604.817957
2048-03-01,9828567971.4755
2048-04-01,9834507535.83356
2048-05-01,9840255501.341364
2048-06-01,9846195065.699425
2048-07-01,9851943031.207228
2048-08-01,9857882595.565289
2048-09-01,9863822159.923351
2048-10-01,9869570125.431152
2048-11-01,9875509689.789215
2048-12-01,9881257655.297016
2049-01-01,9887197219.655079
2049-02-01,9893136784.01314
2049-03-01,9898501551.820421
2049-04-01,9904441116.178484
2049-05-01,9910189081.686285
2049-06-01,9916128646.044348
2049-07-01,9921876611.552149
2049-08-01,9927816175.910212
2049-09-01,9933755740.268272
2049-10-01,9939503705.776075
2049-11-01,9945443270.134136
2049-12-01,9951191235.641937
2050-01-01,9957130800.0
2050-02-01,9962370165.854326
2050-03-01,9967102496.303396
2050-04-01,9972341862.157722
2050-05-01,9977412216.210297
2050-06-01,9982651582.064623
2050-07-01,9987721936.117195
2050-08-01,9992961301.971523
2050-09-01,9998200667.82585
2050-10-01,10003271021.878424
2050-11-01,10008510387.73275
2050-12-01,10013580741.785322
2051-01-01,10018820107.63965
2051-02-01,10024059473.493977
2051-03-01,10028791803.943045
2051-04-01,10034031169.79737
2051-05-01,10039101523.849945
2051-06-01,10044340889.704271
2051-07-01,10049411243.756845
2051-08-01,10054650609.611172
2051-09-01,10059889975.465498
2051-10-01,10064960329.518072
2051-11-01,10070199695.372398
2051-12-01,10075270049.424973
2052-01-01,10080509415.279299
2052-02-01,10085748781.133625
2052-03-01,10090650123.384447
2052-04-01,10095889489.238773
2052-05-01,10100959843.291348
2052-06-01,10106199209.145674
2052-07-01,10111269563.198248
2052-08-01,10116508929.052574
2052-09-01,10121748294.9069
2052-10-01,10126818648.959475
2052-11-01,10132058014.8138
2052-12-01,10137128368.866375
2053-01-01,10142367734.720701
2053-02-01,10147607100.575027
2053-03-01,10152339431.024096
2053-04-01,10157578796.878424
2053-05-01,10162649150.930996
2053-06-01,10167888516.785322
2053-07-01,10172958870.837896
2053-08-01,10178198236.692223
2053-09-01,10183437602.54655
2053-10-01,10188507956.599123
2053-11-01,10193747322.45345
2053-12-01,10198817676.506023
2054-01-01,10204057042.36035
2054-02-01,10209296408.214678
2054-03-01,10214028738.663746
2054-04-01,10219268104.518072
2054-05-01,10224338458.570646
2054-06-01,10229577824.424973
2054-07-01,10234648178.477547
2054-08-01,10239887544.331873
2054-09-01,10245126910.1862
2054-10-01,10250197264.238773
2054-11-01,10255436630.0931
2054-12-01,10260506984.145674
2055-01-01,10265746350.0
2055-02-01,10270985715.854326
2055-03-01,10275718046.303396
2055-04-01,10280957412.157722
2055-05-01,10286027766.210297
2055-06-01,10291267132.064623
2055-07-01,10296337486.117195
2055-08-01,10301576851.971523
2055-09-01,10306816217.82585
2055-10-01,10311886571.878424
2055-11-01,10317125937.73275
2055-12-01,10322196291.785322
2056-01-01,10327435657.63965
2056-02-01,10332675023.493977
2056-03-01,10337576365.744797
2056-04-01,10342815731.599123
2056-05-01,10347886085.651697
2056-06-01,10353125451.506023
2056-07-01,10358195805.558598
2056-08-01,10363435171.412924
2056-09-01,10368674537.26725
2056-10-01,10373744891.319824
2056-11-01,10378984257.17415
2056-12-01,10384054611.226725
2057-01-01,10389293977.08105
2057-02-01,10394533342.935377
2057-03-01,10399265673.384447
2057-04-01,10404505039.238773
2057-05-01,10409575393.291348
2057-06-01,10414814759.145674
2057-07-01,10419885113.198248
2057-08-01,10425124479.052574
2057-09-01,10430363844.9069
2057-10-01,10435434198.959475
2057-11-01,10440673564.8138
2057-12-01,10445743918.866375
2058-01-01,10450983284.720701
2058-02-01,10456222650.575027
2058-03-01,10460954981.024096
2058-04-01,10466194346.878424
2058-05-01,10471264700.930996
2058-06-01,10476504066.785322
2058-07-01,10481574420.837896
2058-08-01,10486813786.692223
2058-09-01,10492053152.54655
2058-10-01,10497123506.599123
2058-11-01,10502362872.45345
2058-12-01,10507433226.506023
2059-01-01,10512672592.36035
2059-02-01,10517911958.214678
2059-03-01,10522644288.663746
2059-04-01,10527883654.518072
2059-05-01,10532954008.570646
2059-06-01,10538193374.424973
2059-07-01,10543263728.477547
2059-08-01,10548503094.331873
2059-09-01,10553742460.1862
2059-10-01,10558812814.238773
2059-11-01,10564052180.0931
2059-12-01,10569122534.145674
2060-01-01,10574361900.0
2060-02-01,10578970017.328224
2060-03-01,10583280836.764303
2060-04-01,10587888954.092527
2060-05-01,10592348422.474678
2060-06-01,10596956539.802902
2060-07-01,10601416008.185053
2060-08-01,10606024125.513277
2060-09-01,10610632242.8415
2060-10-01,10615091711.223652
2060-11-01,10619699828.551876
2060-12-01,10624159296.934027
2061-01-01,10628767414.26225
2061-02-01,10633375531.590473
2061-03-01,10637537702.080482
2061-04-01,10642145819.408705
2061-05-01,10646605287.790857
2061-06-01,10651213405.11908
2061-07-01,10655672873.501232
2061-08-01,10660280990.829454
2061-09-01,10664889108.157679
2061-10-01,10669348576.539831
2061-11-01,10673956693.868053
2061-12-01,10678416162.250206
2062-01-01,10683024279.578428
2062-02-01,10687632396.906652
2062-03-01,10691794567.39666
2062-04-01,10696402684.724884
2062-05-01,10700862153.107035
2062-06-01,10705470270.435259
2062-07-01,10709929738.81741
2062-08-01,10714537856.145634
2062-09-01,10719145973.473858
2062-10-01,10723605441.856009
2062-11-01,10728213559.184233
2062-12-01,10732673027.566383
2063-01-01,10737281144.894608
2063-02-01,10741889262.22283
2063-03-01,10746051432.71284
2063-04-01,10750659550.041061
2063-05-01,10755119018.423214
2063-06-01,10759727135.751436
2063-07-01,10764186604.133589
2063-08-01,10768794721.461813
2063-09-01,10773402838.790035
2063-10-01,10777862307.172188
2063-11-01,10782470424.50041
2063-12-01,10786929892.882563
2064-01-01,10791538010.210785
2064-02-01,10796146127.53901
2064-03-01,10800456946.975088
2064-04-01,10805065064.303312
2064-05-01,10809524532.685465
2064-06-01,10814132650.013687
2064-07-01,10818592118.39584
2064-08-01,10823200235.724062
2064-09-01,10827808353.052286
2064-10-01,10832267821.434437
2064-11-01,10836875938.762661
2064-12-01,10841335407.144812
2065-01-01,10845943524.473036
2065-02-01,10850551641.80126
2065-03-01,10854713812.291267
2065-04-01,10859321929.619492
2065-05-01,10863781398.001642
2065-06-01,10868389515.329866
2065-07-01,10872848983.712017
2065-08-01,10877457101.040241
2065-09-01,10882065218.368464
2065-10-01,10886524686.750616
2065-11-01,10891132804.07884
2065-12-01,10895592272.46099
2066-01-01,10900200389.789215
2066-02-01,10904808507.117437
2066-03-01,10908970677.607447
2066-04-01,10913578794.935669
2066-05-01,10918038263.317822
2066-06-01,10922646380.646044
2066-07-01,10927105849.028196
2066-08-01,10931713966.356419
2066-09-01,10936322083.684643
2066-10-01,10940781552.066795
2066-11-01,10945389669.395018
2066-12-01,10949849137.77717
2067-01-01,10954457255.105392
2067-02-01,10959065372.433617
2067-03-01,10963227542.923624
2067-04-01,10967835660.251848
2067-05-01,10972295128.633999
2067-06-01,10976903245.962223
2067-07-01,10981362714.344374
2067-08-01,10985970831.672598
2067-09-01,10990578949.000822
2067-10-01,10995038417.382973
2067-11-01,10999646534.711197
2067-12-01,11004106003.093348
2068-01-01,11008714120.421572
2068-02-01,11013322237.749794
2068-03-01,11017633057.185875
2068-04-01,11022241174.514097
2068-05-01,11026700642.89625
2068-06-01,11031308760.224474
2068-07-01,11035768228.606625
2068-08-01,11040376345.934849
2068-09-01,11044984463.263071
2068-10-01,11049443931.645224
2068-11-01,11054052048.973446
2068-12-01,11058511517.355598
2069-01-01,11063119634.68382
2069-02-01,11067727752.012045
2069-03-01,11071889922.502052
2069-04-01,11076498039.830276
2069-05-01,11080957508.21243
2069-06-01,11085565625.540651
2069-07-01,11090025093.922804
2069-08-01,11094633211.251026
2069-09-01,11099241328.57925
2069-10-01,11103700796.961401
2069-11-01,11108308914.289625
2069-12-01,11112768382.671776
2070-01-01,11117376500.0
2070-02-01,11121756895.071194
2070-03-01,11125713380.94195
2070-04-01,11130093776.013144
2070-05-01,11134332868.017525
2070-06-01,11138713263.088718
2070-07-01,11142952355.0931
2070-08-01,11147332750.164293
2070-09-01,11151713145.235487
2070-10-01,11155952237.239868
2070-11-01,11160332632.311062
2070-12-01,11164571724.315443
2071-01-01,11168952119.386637
2071-02-01,11173332514.45783
2071-03-01,11177289000.328587
2071-04-01,11181669395.39978
2071-05-01,11185908487.404161
2071-06-01,11190288882.475355
2071-07-01,11194527974.479736
2071-08-01,11198908369.550932
2071-09-01,11203288764.622126
2071-10-01,11207527856.626507
2071-11-01,11211908251.6977
2071-12-01,11216147343.702082
2072-01-01,11220527738.773275
2072-02-01,11224908133.84447
2072-03-01,11229005922.782038
2072-04-01,11233386317.853231
2072-05-01,11237625409.857613
2072-06-01,11242005804.928806
2072-07-01,11246244896.933187
2072-08-01,11250625292.004381
2072-09-01,11255005687.075575
2072-10-01,11259244779.079956
2072-11-01,11263625174.15115
2072-12-01,11267864266.15553
2073-01-01,11272244661.226725
2073-02-01,11276625056.297918
2073-03-01,11280581542.168674
2073-04-01,11284961937.239868
2073-05-01,11289201029.24425
2073-06-01,11293581424.315443
2073-07-01,11297820516.319824
2073-08-01,11302200911.391018
2073-09-01,11306581306.462212
2073-10-01,11310820398.466593
2073-11-01,11315200793.537788
2073-12-01,11319439885.54217
2074-01-01,11323820280.613363
2074-02-01,11328200675.684557
2074-03-01,11332157161.555311
2074-04-01,11336537556.626507
2074-05-01,11340776648.630888
2074-06-01,11345157043.702082
2074-07-01,11349396135.706463
2074-08-01,11353776530.777657
2074-09-01,11358156925.84885
2074-10-01,11362396017.853231
2074-11-01,11366776412.924425
2074-12-01,11371015504.928806
2075-01-01,11375395900.0
2075-02-01,11379776295.071194
2075-03-01,11383732780.94195
2075-04-01,11388113176.013144
2075-05-01,11392352268.017525
2075-06-01,11396732663.088718
2075-07-01,11400971755.0931
2075-08-01,11405352150.164293
2075-09-01,11409732545.235487
2075-10-01,11413971637.239868
2075-11-01,11418352032.311062
2075-12-01,11422591124.315443
2076-01-01,11426971519.386637
2076-02-01,11431351914.45783
2076-03-01,11435449703.3954
2076-04-01,11439830098.466593
2076-05-01,11444069190.470974
2076-06-01,11448449585.54217
2076-07-01,11452688677.54655
2076-08-01,11457069072.617744
2076-09-01,11461449467.688938
2076-10-01,11465688559.69332
2076-11-01,11470068954.764513
2076-12-01,11474308046.768894
2077-01-01,11478688441.840088
2077-02-01,11483068836.911282
2077-03-01,11487025322.782038
2077-04-01,11491405717.853231
2077-05-01,11495644809.857613
2077-06-01,11500025204.928806
2077-07-01,11504264296.933187
2077-08-01,11508644692.004381
2077-09-01,11513025087.075575
2077-10-01,11517264179.079956
2077-11-01,11521644574.15115
2077-12-01,11525883666.15553
2078-01-01,11530264061.226725
2078-02-01,11534644456.297918
2078-03-01,11538600942.168674
2078-04-01,11542981337.239868
2078-05-01,11547220429.24425
2078-06-01,11551600824.315443
2078-07-01,11555839916.319824
2078-08-01,11560220311.391018
2078-09-01,11564600706.462212
2078-10-01,11568839798.466593
2078-11-01,11573220193.537788
2078-12-01,11577459285.54217
2079-01-01,11581839680.613363
2079-02-01,11586220075.684557
2079-03-01,11590176561.555311
2079-04-01,11594556956.626507
2079-05-01,11598796048.630888
2079-06-01,11603176443.702082
2079-07-01,11607415535.706463
2079-08-01,11611795930.777657
2079-09-01,11616176325.84885
2079-10-01,11620415417.853231
2079-11-01,11624795812.924425
2079-12-01,11629034904.928806
2080-01-01,11633415300.0
2080-02-01,11637666124.719408
2080-03-01,11641642702.682726
2080-04-01,11645893527.402136
2080-05-01,11650007228.743498
2080-06-01,11654258053.462908
2080-07-01,11658371754.80427
2080-08-01,11662622579.52368
2080-09-01,11666873404.243088
2080-10-01,11670987105.584452
2080-11-01,11675237930.30386
2080-12-01,11679351631.645224
2081-01-01,11683602456.364632
2081-02-01,11687853281.08404
2081-03-01,11691692735.669313
2081-04-01,11695943560.388721
2081-05-01,11700057261.730085
2081-06-01,11704308086.449493
2081-07-01,11708421787.790857
2081-08-01,11712672612.510265
2081-09-01,11716923437.229673
2081-10-01,11721037138.571037
2081-11-01,11725287963.290445
2081-12-01,11729401664.63181
2082-01-01,11733652489.351217
2082-02-01,11737903314.070627
2082-03-01,11741742768.6559
2082-04-01,11745993593.375307
2082-05-01,11750107294.716671
2082-06-01,11754358119.436079
2082-07-01,11758471820.777443
2082-08-01,11762722645.496851
2082-09-01,11766973470.21626
2082-10-01,11771087171.557625
2082-11-01,11775337996.277033
2082-12-01,11779451697.618397
2083-01-01,11783702522.337805
2083-02-01,11787953347.057213
2083-03-01,11791792801.642487
2083-04-01,11796043626.361895
2083-05-01,11800157327.703259
2083-06-01,11804408152.422667
2083-07-01,11808521853.76403
2083-08-01,11812772678.483438
2083-09-01,11817023503.202847
2083-10-01,11821137204.54421
2083-11-01,11825388029.263618
2083-12-01,11829501730.604982
2084-01-01,11833752555.32439
2084-02-01,11838003380.0438
2084-03-01,11841979958.007118
2084-04-01,11846230782.726526
2084-05-01,11850344484.06789
2084-06-01,11854595308.787298
2084-07-01,11858709010.128662
2084-08-01,11862959834.84807
2084-09-01,11867210659.567478
2084-10-01,11871324360.908842
2084-11-01,11875575185.62825
2084-12-01,11879688886.969614
2085-01-01,11883939711.689022
2085-02-01,11888190536.408432
2085-03-01,11892029990.993704
2085-04-01,11896280815.713112
2085-05-01,11900394517.054476
2085-06-01,11904645341.773884
2085-07-01,11908759043.115248
2085-08-01,11913009867.834656
2085-09-01,11917260692.554066
2085-10-01,11921374393.895428
2085-11-01,11925625218.614838
2085-12-01,11929738919.9562
2086-01-01,11933989744.67561
2086-02-01,11938240569.395018
2086-03-01,11942080023.98029
2086-04-01,11946330848.6997
2086-05-01,11950444550.041061
2086-06-01,11954695374.760471
2086-07-01,11958809076.101833
2086-08-01,11963059900.821243
2086-09-01,11967310725.540651
2086-10-01,11971424426.882015
2086-11-01,11975675251.601423
2086-12-01,11979788952.942787
2087-01-01,11984039777.662195
2087-02-01,11988290602.381603
2087-03-01,11992130056.966877
2087-04-01,11996380881.686285
2087-05-01,12000494583.027649
2087-06-01,12004745407.747057
2087-07-01,12008859109.08842
2087-08-01,12013109933.807829
2087-09-01,12017360758.527237
2087-10-01,12021474459.8686
2087-11-01,12025725284.588009
2087-12-01,12029838985.929373
2088-01-01,12034089810.648783
2088-02-01,12038340635.36819
2088-03-01,12042317213.331509
2088-04-01,12046568038.050917
2088-05-01,12050681739.39228
2088-06-01,12054932564.111689
2088-07-01,12059046265.453053
2088-08-01,12063297090.17246
2088-09-01,12067547914.89187
2088-10-01,12071661616.233232
2088-11-01,12075912440.952642
2088-12-01,12080026142.294004
2089-01-01,12084276967.013414
2089-02-01,12088527791.732822
2089-03-01,12092367246.318094
2089-04-01,12096618071.037504
2089-05-01,12100731772.378866
2089-06-01,12104982597.098276
2089-07-01,12109096298.439638
2089-08-01,12113347123.159048
2089-09-01,12117597947.878456
2089-10-01,12121711649.21982
2089-11-01,12125962473.939228
2089-12-01,12130076175.280592
2090-01-01,12134327000.0
2090-02-01,12138450785.1862
2090-03-01,12142175494.386637
2090-04-01,12146299279.572836
2090-05-01,12150290039.430449
2090-06-01,12154413824.616648
2090-07-01,12158404584.47426
2090-08-01,12162528369.66046
2090-09-01,12166652154.846659
2090-10-01,12170642914.704271
2090-11-01,12174766699.89047
2090-12-01,12178757459.748083
2091-01-01,12182881244.934282
2091-02-01,12187005030.120481
2091-03-01,12190729739.32092
2091-04-01,12194853524.50712
2091-05-01,12198844284.36473
2091-06-01,12202968069.550932
2091-07-01,12206958829.408543
2091-08-01,12211082614.594742
2091-09-01,12215206399.780941
2091-10-01,12219197159.638554
2091-11-01,12223320944.824753
2091-12-01,12227311704.682365
2092-01-01,12231435489.868565
2092-02-01,12235559275.054764
2092-03-01,12239417009.58379
2092-04-01,12243540794.769989
2092-05-01,12247531554.627602
2092-06-01,12251655339.8138
2092-07-01,12255646099.671413
2092-08-01,12259769884.857613
2092-09-01,12263893670.043812
2092-10-01,12267884429.901424
2092-11-01,12272008215.087624
2092-12-01,12275998974.945236
2093-01-01,12280122760.131435
2093-02-01,12284246545.317635
2093-03-01,12287971254.518072
2093-04-01,12292095039.704271
2093-05-01,12296085799.561884
2093-06-01,12300209584.748083
2093-07-01,12304200344.605696
2093-08-01,12308324129.791895
2093-09-01,12312447914.978094
2093-10-01,12316438674.835707
2093-11-01,12320562460.021906
2093-12-01,12324553219.879519
2094-01-01,12328677005.065718
2094-02-01,12332800790.251917
2094-03-01,12336525499.452354
2094-04-01,12340649284.638554
2094-05-01,12344640044.496166
2094-06-01,12348763829.682365
2094-07-01,12352754589.539978
2094-08-01,12356878374.726177
2094-09-01,12361002159.912376
2094-10-01,12364992919.769989
2094-11-01,12369116704.956188
2094-12-01,12373107464.8138
2095-01-01,12377231250.0
2095-02-01,12381355035.1862
2095-03-01,12385079744.386637
2095-04-01,12389203529.572836
2095-05-01,12393194289.430449
2095-06-01,12397318074.616648
2095-07-01,12401308834.47426
2095-08-01,12405432619.66046
2095-09-01,12409556404.846659
2095-10-01,12413547164.704271
2095-11-01,12417670949.89047
2095-12-01,12421661709.748083
2096-01-01,12425785494.934282
2096-02-01,12429909280.120481
2096-03-01,12433767014.649508
2096-04-01,12437890799.835707
2096-05-01,12441881559.69332
2096-06-01,12446005344.879519
2096-07-01,12449996104.737131
2096-08-01,12454119889.92333
2096-09-01,12458243675.10953
2096-10-01,12462234434.967142
2096-11-01,12466358220.153341
2096-12-01,12470348980.010952
2097-01-01,12474472765.197153
2097-02-01,12478596550.383352
2097-03-01,12482321259.58379
2097-04-01,12486445044.769989
2097-05-01,12490435804.627602
2097-06-01,12494559589.8138
2097-07-01,12498550349.671413
2097-08-01,12502674134.857613
2097-09-01,12506797920.043812
2097-10-01,12510788679.901424
2097-11-01,12514912465.087624
2097-12-01,12518903224.945236
2098-01-01,12523027010.131435
2098-02-01,12527150795.317635
2098-03-01,12530875504.518072
2098-04-01,12534999289.704271
2098-05-01,12538990049.561884
2098-06-01,12543113834.748083
2098-07-01,12547104594.605696
2098-08-01,12551228379.791895
2098-09-01,12555352164.978094
2098-10-01,12559342924.835707
2098-11-01,12563466710.021906
2098-12-01,12567457469.879519
2099-01-01,12571581255.065718
2099-02-01,12575705040.251917
2099-03-01,12579429749.452354
2099-04-01,12583553534.638554
2099-05-01,12587544294.496166
2099-06-01,12591668079.682365
2099-07-01,12595658839.539978
2099-08-01,12599782624.726177
2099-09-01,12603906409.912376
2099-10-01,12607897169.769989
2099-11-01,12612020954.956188
2099-12-01,12616011714.8138
2100-01-01,12620135500.0
