DateTime,Monthly Anamoly
1880-01-01,24.819
1880-02-01,26.806
1880-03-01,28.375
1880-04-01,28.941000000000003
1880-05-01,28.82
1880-06-01,28.286
1880-07-01,28.015
1880-08-01,28.072000000000003
1880-09-01,27.131
1880-10-01,26.72
1880-11-01,25.254
1880-12-01,24.098999999999997
1881-01-01,24.102
1881-02-01,26.32
1881-03-01,28.393
1881-04-01,29.817
1881-05-01,29.102
1881-06-01,28.528
1881-07-01,28.124
1881-08-01,27.982000000000003
1881-09-01,27.669
1881-10-01,26.496
1881-11-01,25.623
1881-12-01,24.304
1882-01-01,24.588
1882-02-01,26.432
1882-03-01,28.236
1882-04-01,29.290000000000003
1882-05-01,29.064
1882-06-01,28.332
1882-07-01,28.133
1882-08-01,27.215
1882-09-01,27.232
1882-10-01,26.517000000000003
1882-11-01,25.186
1882-12-01,24.0
1883-01-01,24.057
1883-02-01,25.886
1883-03-01,28.12
1883-04-01,28.948
1883-05-01,29.486
1883-06-01,28.324
1883-07-01,28.035
1883-08-01,27.768
1883-09-01,26.773
1883-10-01,26.963
1883-11-01,24.898
1883-12-01,23.458
1884-01-01,24.003
1884-02-01,25.193
1884-03-01,27.742
1884-04-01,29.128
1884-05-01,28.654
1884-06-01,27.91
1884-07-01,28.082
1884-08-01,27.625
1884-09-01,27.023
1884-10-01,26.812
1884-11-01,24.937
1884-12-01,23.058
1885-01-01,24.231
1885-02-01,25.953
1885-03-01,28.399
1885-04-01,29.784
1885-05-01,29.804
1885-06-01,28.346
1885-07-01,27.881
1885-08-01,27.582
1885-09-01,27.358
1885-10-01,26.629
1885-11-01,25.451
1885-12-01,24.220999999999997
1886-01-01,24.547
1886-02-01,25.459
1886-03-01,28.643
1886-04-01,29.586
1886-05-01,29.16
1886-06-01,28.511
1886-07-01,28.099
1886-08-01,27.815
1886-09-01,27.628
1886-10-01,26.83
1886-11-01,24.916
1886-12-01,23.183
1887-01-01,24.003
1887-02-01,25.176
1887-03-01,27.526
1887-04-01,29.216
1887-05-01,28.271
1887-06-01,28.055
1887-07-01,27.647
1887-08-01,27.281
1887-09-01,27.351
1887-10-01,26.724
1887-11-01,25.53
1887-12-01,24.147
1888-01-01,24.712
1888-02-01,25.886
1888-03-01,28.53
1888-04-01,30.039
1888-05-01,29.614
1888-06-01,28.016
1888-07-01,27.972
1888-08-01,27.515
1888-09-01,27.351
1888-10-01,26.729000000000003
1888-11-01,25.8
1888-12-01,24.458
1889-01-01,24.9
1889-02-01,26.533
1889-03-01,28.501
1889-04-01,30.291
1889-05-01,30.691
1889-06-01,28.746
1889-07-01,28.489
1889-08-01,27.701
1889-09-01,27.324
1889-10-01,26.861
1889-11-01,24.887
1889-12-01,24.154
1890-01-01,24.425
1890-02-01,26.902
1890-03-01,28.091
1890-04-01,29.253
1890-05-01,28.806
1890-06-01,27.976
1890-07-01,27.605
1890-08-01,27.481
1890-09-01,27.198
1890-10-01,26.285
1890-11-01,25.441
1890-12-01,24.498
1891-01-01,25.1
1891-02-01,26.074
1891-03-01,27.996
1891-04-01,29.529000000000003
1891-05-01,30.667
1891-06-01,28.052
1891-07-01,27.843
1891-08-01,27.360000000000003
1891-09-01,26.999
1891-10-01,27.344
1891-11-01,25.604
1891-12-01,24.276999999999997
1892-01-01,23.714
1892-02-01,26.465
1892-03-01,27.486
1892-04-01,28.935
1892-05-01,28.551
1892-06-01,28.353
1892-07-01,27.986
1892-08-01,27.807
1892-09-01,27.076
1892-10-01,26.732000000000003
1892-11-01,25.727
1892-12-01,22.264
1893-01-01,23.386
1893-02-01,25.529
1893-03-01,27.481
1893-04-01,28.808
1893-05-01,28.047
1893-06-01,28.446
1893-07-01,27.887
1893-08-01,27.531
1893-09-01,26.943
1893-10-01,26.315
1893-11-01,24.766
1893-12-01,22.868
1894-01-01,24.361
1894-02-01,26.769
1894-03-01,28.274
1894-04-01,29.405
1894-05-01,28.418
1894-06-01,27.819
1894-07-01,27.563
1894-08-01,27.638
1894-09-01,27.245
1894-10-01,26.255000000000003
1894-11-01,24.473
1894-12-01,23.930999999999997
1895-01-01,24.538
1895-02-01,26.097
1895-03-01,28.042
1895-04-01,29.770000000000003
1895-05-01,28.731
1895-06-01,28.647
1895-07-01,28.429
1895-08-01,27.683
1895-09-01,27.535
1895-10-01,27.453000000000003
1895-11-01,24.907
1895-12-01,24.970999999999997
1896-01-01,25.068
1896-02-01,26.404
1896-03-01,28.295
1896-04-01,29.865
1896-05-01,29.014
1896-06-01,28.635
1896-07-01,28.235
1896-08-01,27.598000000000003
1896-09-01,27.651
1896-10-01,26.939
1896-11-01,25.87
1896-12-01,24.186
1897-01-01,24.277
1897-02-01,26.5
1897-03-01,28.642
1897-04-01,30.259
1897-05-01,29.412
1897-06-01,28.879
1897-07-01,28.17
1897-08-01,28.071
1897-09-01,27.797
1897-10-01,27.192
1897-11-01,25.202
1897-12-01,23.999
1898-01-01,23.811
1898-02-01,26.332
1898-03-01,27.88
1898-04-01,29.462000000000003
1898-05-01,28.676
1898-06-01,28.842
1898-07-01,28.007
1898-08-01,27.981
1898-09-01,27.789
1898-10-01,27.234
1898-11-01,25.157
1898-12-01,23.148
1899-01-01,24.207
1899-02-01,24.967
1899-03-01,27.764
1899-04-01,29.023000000000003
1899-05-01,28.893
1899-06-01,28.619
1899-07-01,28.629
1899-08-01,28.156
1899-09-01,27.697
1899-10-01,27.425
1899-11-01,24.881
1899-12-01,24.456
1900-01-01,25.268
1900-02-01,26.749
1900-03-01,28.327
1900-04-01,30.55
1900-05-01,29.34
1900-06-01,28.697
1900-07-01,28.451
1900-08-01,28.227
1900-09-01,27.832
1900-10-01,27.426
1900-11-01,25.565
1900-12-01,24.205
1901-01-01,25.94
1901-02-01,25.879
1901-03-01,28.386
1901-04-01,29.977
1901-05-01,29.238
1901-06-01,28.924
1901-07-01,28.305
1901-08-01,28.134
1901-09-01,28.297
1901-10-01,27.022
1901-11-01,25.82
1901-12-01,23.38
1902-01-01,24.132
1902-02-01,24.78
1902-03-01,28.596
1902-04-01,29.615
1902-05-01,29.22
1902-06-01,29.055
1902-07-01,28.486
1902-08-01,28.215
1902-09-01,27.51
1902-10-01,27.231
1902-11-01,26.182
1902-12-01,25.369999999999997
1903-01-01,25.136
1903-02-01,26.378
1903-03-01,28.773
1903-04-01,30.482000000000003
1903-05-01,30.12
1903-06-01,28.731
1903-07-01,28.269
1903-08-01,27.992
1903-09-01,27.454
1903-10-01,26.75
1903-11-01,25.225
1903-12-01,22.975
1904-01-01,23.812
1904-02-01,25.271
1904-03-01,27.735
1904-04-01,28.441000000000003
1904-05-01,28.574
1904-06-01,27.856
1904-07-01,27.605
1904-08-01,27.702
1904-09-01,27.292
1904-10-01,26.886000000000003
1904-11-01,25.175
1904-12-01,22.795
1905-01-01,24.161
1905-02-01,26.083
1905-03-01,27.857
1905-04-01,29.794
1905-05-01,29.63
1905-06-01,28.26
1905-07-01,27.877
1905-08-01,28.009
1905-09-01,27.375
1905-10-01,26.956000000000003
1905-11-01,25.366
1905-12-01,25.238999999999997
1906-01-01,25.986
1906-02-01,27.07
1906-03-01,28.613
1906-04-01,30.369000000000003
1906-05-01,30.0
1906-06-01,28.48
1906-07-01,28.248
1906-08-01,28.364
1906-09-01,27.765
1906-10-01,26.644
1906-11-01,25.098
1906-12-01,24.508999999999997
1907-01-01,24.276
1907-02-01,26.3
1907-03-01,27.947
1907-04-01,29.185
1907-05-01,28.727
1907-06-01,28.225
1907-07-01,27.992
1907-08-01,27.387
1907-09-01,27.692
1907-10-01,27.24
1907-11-01,26.4
1907-12-01,23.347
1908-01-01,24.959
1908-02-01,26.363
1908-03-01,28.065
1908-04-01,29.732000000000003
1908-05-01,28.93
1908-06-01,28.113
1908-07-01,28.132
1908-08-01,27.709000000000003
1908-09-01,27.757
1908-10-01,27.059
1908-11-01,24.817
1908-12-01,24.159999999999997
1909-01-01,25.051
1909-02-01,26.87
1909-03-01,28.446
1909-04-01,29.583
1909-05-01,28.917
1909-06-01,28.363999999999997
1909-07-01,27.702
1909-08-01,28.3
1909-09-01,27.642
1909-10-01,27.306
1909-11-01,25.53
1909-12-01,23.453999999999997
1910-01-01,25.392
1910-02-01,26.626
1910-03-01,27.25
1910-04-01,28.97
1910-05-01,28.933
1910-06-01,28.564
1910-07-01,28.427
1910-08-01,28.221
1910-09-01,27.198
1910-10-01,26.81
1910-11-01,25.925
1910-12-01,23.229
1911-01-01,24.148
1911-02-01,25.729
1911-03-01,27.7
1911-04-01,28.98
1911-05-01,28.849
1911-06-01,28.352
1911-07-01,28.041
1911-08-01,28.0
1911-09-01,27.769
1911-10-01,26.809
1911-11-01,26.567
1911-12-01,25.470999999999997
1912-01-01,24.795
1912-02-01,26.234
1912-03-01,28.649
1912-04-01,29.832
1912-05-01,30.383
1912-06-01,29.279
1912-07-01,28.181
1912-08-01,27.87
1912-09-01,27.637
1912-10-01,26.927000000000003
1912-11-01,24.934
1912-12-01,23.973
1913-01-01,24.517
1913-02-01,26.836
1913-03-01,28.4
1913-04-01,29.898000000000003
1913-05-01,28.773
1913-06-01,28.656
1913-07-01,27.79
1913-08-01,27.822000000000003
1913-09-01,27.635
1913-10-01,26.868
1913-11-01,25.475
1913-12-01,24.148
1914-01-01,24.038
1914-02-01,26.729
1914-03-01,28.042
1914-04-01,29.606
1914-05-01,30.072
1914-06-01,28.685
1914-07-01,27.952
1914-08-01,27.826
1914-09-01,27.735
1914-10-01,27.068
1914-11-01,26.332
1914-12-01,24.959999999999997
1915-01-01,25.059
1915-02-01,27.718
1915-03-01,28.688
1915-04-01,29.759
1915-05-01,29.15
1915-06-01,29.08
1915-07-01,28.626
1915-08-01,28.645000000000003
1915-09-01,27.672
1915-10-01,26.741000000000003
1915-11-01,25.268
1915-12-01,22.318
1916-01-01,23.243
1916-02-01,25.89
1916-03-01,28.34
1916-04-01,29.454
1916-05-01,29.262
1916-06-01,27.918
1916-07-01,28.41
1916-08-01,28.116000000000003
1916-09-01,27.46
1916-10-01,26.666
1916-11-01,24.37
1916-12-01,23.072
1917-01-01,24.037
1917-02-01,26.115
1917-03-01,27.882
1917-04-01,29.565
1917-05-01,29.19
1917-06-01,28.148999999999997
1917-07-01,28.068
1917-08-01,27.902
1917-09-01,27.174
1917-10-01,26.289
1917-11-01,25.092
1917-12-01,23.408
1918-01-01,22.289
1918-02-01,25.037
1918-03-01,27.707
1918-04-01,28.638
1918-05-01,28.476
1918-06-01,28.214
1918-07-01,28.512
1918-08-01,27.941000000000003
1918-09-01,27.635
1918-10-01,27.056
1918-11-01,26.5
1918-12-01,25.322
1919-01-01,25.481
1919-02-01,27.175
1919-03-01,29.456
1919-04-01,30.021
1919-05-01,29.629
1919-06-01,28.56
1919-07-01,28.387
1919-08-01,28.059
1919-09-01,27.817
1919-10-01,27.127
1919-11-01,25.524
1919-12-01,24.421
1920-01-01,23.433
1920-02-01,26.258000000000003
1920-03-01,28.618
1920-04-01,29.644
1920-05-01,29.577
1920-06-01,28.55
1920-07-01,28.285
1920-08-01,28.262
1920-09-01,27.628
1920-10-01,26.638
1920-11-01,26.189
1920-12-01,24.555999999999997
1921-01-01,24.308
1921-02-01,25.915
1921-03-01,28.396
1921-04-01,29.271
1921-05-01,28.782
1921-06-01,28.401999999999997
1921-07-01,27.892
1921-08-01,27.926
1921-09-01,26.996
1921-10-01,26.856
1921-11-01,24.735
1921-12-01,23.729999999999997
1922-01-01,25.202
1922-02-01,26.935
1922-03-01,27.731
1922-04-01,29.441000000000003
1922-05-01,29.475
1922-06-01,28.604
1922-07-01,27.716
1922-08-01,27.848000000000003
1922-09-01,27.375
1922-10-01,26.982000000000003
1922-11-01,25.263
1922-12-01,23.726
1923-01-01,24.291
1923-02-01,25.153
1923-03-01,27.918
1923-04-01,28.769
1923-05-01,28.563
1923-06-01,28.206
1923-07-01,27.414
1923-08-01,27.328000000000003
1923-09-01,27.519
1923-10-01,26.848000000000003
1923-11-01,26.155
1923-12-01,24.627
1924-01-01,25.153
1924-02-01,26.179
1924-03-01,28.588
1924-04-01,29.061
1924-05-01,29.445
1924-06-01,28.388
1924-07-01,27.572
1924-08-01,27.953000000000003
1924-09-01,27.648
1924-10-01,26.291
1924-11-01,25.587
1924-12-01,22.469
1925-01-01,24.363
1925-02-01,25.277
1925-03-01,28.114
1925-04-01,28.571
1925-05-01,29.062
1925-06-01,28.376
1925-07-01,27.953
1925-08-01,27.835
1925-09-01,27.71
1925-10-01,26.676
1925-11-01,25.857
1925-12-01,23.473
1926-01-01,25.061
1926-02-01,26.968
1926-03-01,28.406
1926-04-01,29.927000000000003
1926-05-01,30.138
1926-06-01,28.579
1926-07-01,28.232
1926-08-01,27.676
1926-09-01,27.632
1926-10-01,26.838
1926-11-01,25.902
1926-12-01,24.822999999999997
1927-01-01,24.698
1927-02-01,26.502
1927-03-01,28.523
1927-04-01,28.672
1927-05-01,28.546
1927-06-01,28.273999999999997
1927-07-01,27.88
1927-08-01,27.824
1927-09-01,27.861
1927-10-01,26.337000000000003
1927-11-01,25.761
1927-12-01,24.27
1928-01-01,26.302
1928-02-01,26.407
1928-03-01,28.22
1928-04-01,28.516
1928-05-01,28.881
1928-06-01,27.893
1928-07-01,28.078
1928-08-01,27.894
1928-09-01,27.405
1928-10-01,26.26
1928-11-01,25.396
1928-12-01,24.423
1929-01-01,25.035
1929-02-01,26.422
1929-03-01,27.41
1929-04-01,28.713
1929-05-01,29.075
1929-06-01,28.089
1929-07-01,27.516
1929-08-01,27.747
1929-09-01,27.433999999999997
1929-10-01,26.262
1929-11-01,25.296
1929-12-01,24.697
1930-01-01,24.612
1930-02-01,26.147
1930-03-01,27.781
1930-04-01,29.079
1930-05-01,28.631
1930-06-01,28.163
1930-07-01,27.83
1930-08-01,27.669
1930-09-01,27.398
1930-10-01,27.258000000000003
1930-11-01,25.688
1930-12-01,25.107999999999997
1931-01-01,25.242
1931-02-01,27.356
1931-03-01,29.119
1931-04-01,30.289
1931-05-01,29.876
1931-06-01,28.943
1931-07-01,28.399
1931-08-01,27.967
1931-09-01,27.962
1931-10-01,26.158
1931-11-01,25.528
1931-12-01,24.712
1932-01-01,23.353
1932-02-01,25.934
1932-03-01,27.833
1932-04-01,29.303
1932-05-01,29.648
1932-06-01,28.583
1932-07-01,27.67
1932-08-01,28.678
1932-09-01,27.281
1932-10-01,26.881
1932-11-01,26.109
1932-12-01,23.281
1933-01-01,25.098
1933-02-01,26.746
1933-03-01,28.374
1933-04-01,29.372
1933-05-01,29.561
1933-06-01,28.191
1933-07-01,27.89
1933-08-01,28.401000000000003
1933-09-01,27.541
1933-10-01,26.852
1933-11-01,24.815
1933-12-01,23.921999999999997
1934-01-01,24.016
1934-02-01,25.48
1934-03-01,28.022
1934-04-01,29.24
1934-05-01,29.203
1934-06-01,28.824
1934-07-01,28.216
1934-08-01,27.726000000000003
1934-09-01,27.525
1934-10-01,26.818
1934-11-01,26.103
1934-12-01,22.587
1935-01-01,25.363
1935-02-01,26.812
1935-03-01,29.088
1935-04-01,29.807
1935-05-01,29.082
1935-06-01,28.421
1935-07-01,27.552
1935-08-01,28.253
1935-09-01,27.161
1935-10-01,27.425
1935-11-01,26.379
1935-12-01,24.933
1936-01-01,23.937
1936-02-01,26.077
1936-03-01,28.063
1936-04-01,29.579
1936-05-01,29.303
1936-06-01,28.194
1936-07-01,27.982
1936-08-01,27.752
1936-09-01,27.55
1936-10-01,26.130000000000003
1936-11-01,25.749
1936-12-01,25.869999999999997
1937-01-01,25.258
1937-02-01,27.04
1937-03-01,29.151
1937-04-01,30.022
1937-05-01,28.779
1937-06-01,28.462999999999997
1937-07-01,27.844
1937-08-01,28.05
1937-09-01,27.497
1937-10-01,26.559
1937-11-01,26.549
1937-12-01,24.438
1938-01-01,25.244
1938-02-01,26.848000000000003
1938-03-01,28.338
1938-04-01,29.238000000000003
1938-05-01,28.806
1938-06-01,27.628
1938-07-01,27.551
1938-08-01,28.194000000000003
1938-09-01,27.465
1938-10-01,26.682
1938-11-01,25.254
1938-12-01,24.9
1939-01-01,24.946
1939-02-01,26.649
1939-03-01,28.152
1939-04-01,29.395000000000003
1939-05-01,29.061
1939-06-01,27.985
1939-07-01,27.986
1939-08-01,28.017000000000003
1939-09-01,27.433
1939-10-01,26.98
1939-11-01,26.501
1939-12-01,21.763
1940-01-01,22.796
1940-02-01,26.59
1940-03-01,28.488
1940-04-01,30.337000000000003
1940-05-01,29.683
1940-06-01,28.741999999999997
1940-07-01,28.121
1940-08-01,27.768
1940-09-01,27.95
1940-10-01,27.71
1940-11-01,26.725
1940-12-01,25.258999999999997
1941-01-01,26.918
1941-02-01,27.296
1941-03-01,29.373
1941-04-01,30.737
1941-05-01,29.646
1941-06-01,28.935
1941-07-01,28.46
1941-08-01,28.384
1941-09-01,28.171
1941-10-01,27.098000000000003
1941-11-01,26.789
1941-12-01,25.592999999999996
1942-01-01,24.366
1942-02-01,27.535
1942-03-01,28.933
1942-04-01,29.242
1942-05-01,29.072
1942-06-01,28.455
1942-07-01,28.243
1942-08-01,27.878
1942-09-01,27.692
1942-10-01,26.96
1942-11-01,26.049
1942-12-01,24.706
1943-01-01,24.191
1943-02-01,26.045
1943-03-01,28.398
1943-04-01,28.340000000000003
1943-05-01,28.932
1943-06-01,28.401
1943-07-01,28.123
1943-08-01,27.967
1943-09-01,27.326
1943-10-01,26.987
1943-11-01,25.628
1943-12-01,23.772
1944-01-01,25.318
1944-02-01,26.942
1944-03-01,28.603
1944-04-01,29.778
1944-05-01,29.078
1944-06-01,28.606
1944-07-01,28.029
1944-08-01,28.052000000000003
1944-09-01,28.038
1944-10-01,27.418000000000003
1944-11-01,26.644
1944-12-01,23.314
1945-01-01,25.079
1945-02-01,26.888
1945-03-01,28.12
1945-04-01,28.861
1945-05-01,28.76
1945-06-01,28.4
1945-07-01,28.282
1945-08-01,28.020000000000003
1945-09-01,27.358
1945-10-01,26.345
1945-11-01,26.614
1945-12-01,24.409
1946-01-01,24.058
1946-02-01,26.0
1946-03-01,28.827
1946-04-01,28.719
1946-05-01,28.411
1946-06-01,28.422
1946-07-01,27.877
1946-08-01,27.536
1946-09-01,27.21
1946-10-01,26.666
1946-11-01,26.339
1946-12-01,26.020999999999997
1947-01-01,27.011
1947-02-01,27.414
1947-03-01,28.929
1947-04-01,28.83
1947-05-01,29.726
1947-06-01,28.548
1947-07-01,28.109
1947-08-01,28.14
1947-09-01,27.81
1947-10-01,27.244000000000003
1947-11-01,25.73
1947-12-01,24.439
1948-01-01,24.5
1948-02-01,27.2
1948-03-01,28.664
1948-04-01,29.098000000000003
1948-05-01,28.729
1948-06-01,28.478
1948-07-01,27.938
1948-08-01,27.665000000000003
1948-09-01,27.28
1948-10-01,26.540000000000003
1948-11-01,24.377
1948-12-01,24.871
1949-01-01,24.075
1949-02-01,26.413
1949-03-01,28.74
1949-04-01,29.308000000000003
1949-05-01,29.221
1949-06-01,28.748
1949-07-01,27.954
1949-08-01,27.834000000000003
1949-09-01,27.678
1949-10-01,26.992
1949-11-01,26.033
1949-12-01,25.25
1950-01-01,25.156
1950-02-01,27.244
1950-03-01,29.175
1950-04-01,29.294
1950-05-01,28.709
1950-06-01,28.156
1950-07-01,27.566
1950-08-01,27.915000000000003
1950-09-01,27.327
1950-10-01,26.326
1950-11-01,25.867
1950-12-01,22.889999999999997
1951-01-01,24.591
1951-02-01,26.419
1951-03-01,29.002
1951-04-01,30.512
1951-05-01,29.453
1951-06-01,28.339
1951-07-01,28.027
1951-08-01,28.189
1951-09-01,28.052
1951-10-01,26.955
1951-11-01,26.394
1951-12-01,24.243
1952-01-01,25.306
1952-02-01,27.728
1952-03-01,28.654
1952-04-01,29.626
1952-05-01,29.818
1952-06-01,28.694
1952-07-01,28.389
1952-08-01,27.791
1952-09-01,27.85
1952-10-01,26.774
1952-11-01,26.169
1952-12-01,23.046999999999997
1953-01-01,25.041
1953-02-01,26.743
1953-03-01,28.67
1953-04-01,29.974
1953-05-01,29.06
1953-06-01,28.327
1953-07-01,27.97
1953-08-01,27.609
1953-09-01,27.706
1953-10-01,27.48
1953-11-01,25.962
1953-12-01,24.461
1954-01-01,26.532
1954-02-01,27.029
1954-03-01,28.703
1954-04-01,30.17
1954-05-01,28.783
1954-06-01,28.829
1954-07-01,28.33
1954-08-01,28.0
1954-09-01,27.283
1954-10-01,26.950000000000003
1954-11-01,25.544
1954-12-01,24.153
1955-01-01,23.684
1955-02-01,26.712
1955-03-01,28.517
1955-04-01,29.214
1955-05-01,29.138
1955-06-01,28.044
1955-07-01,28.214
1955-08-01,28.024
1955-09-01,27.586
1955-10-01,26.683
1955-11-01,24.706
1955-12-01,23.158
1956-01-01,23.742
1956-02-01,27.192
1956-03-01,29.23
1956-04-01,28.938
1956-05-01,28.404
1956-06-01,28.236
1956-07-01,27.762
1956-08-01,27.687
1956-09-01,27.48
1956-10-01,26.606
1956-11-01,24.486
1956-12-01,23.761999999999997
1957-01-01,24.92
1957-02-01,26.249
1957-03-01,28.43
1957-04-01,29.756
1957-05-01,30.785
1957-06-01,28.923
1957-07-01,28.305
1957-08-01,27.891
1957-09-01,27.45
1957-10-01,26.6
1957-11-01,26.463
1957-12-01,25.337
1958-01-01,25.615
1958-02-01,26.722
1958-03-01,29.557
1958-04-01,30.47
1958-05-01,30.811
1958-06-01,29.253
1958-07-01,28.089
1958-08-01,28.06
1958-09-01,27.831
1958-10-01,26.907
1958-11-01,25.283
1958-12-01,23.574
1959-01-01,24.87
1959-02-01,27.999
1959-03-01,28.314
1959-04-01,30.303
1959-05-01,29.588
1959-06-01,29.558999999999997
1959-07-01,27.785
1959-08-01,28.130000000000003
1959-09-01,27.654
1959-10-01,26.771
1959-11-01,26.557
1959-12-01,26.258999999999997
1960-01-01,25.52
1960-02-01,26.857
1960-03-01,29.514
1960-04-01,30.885
1960-05-01,29.925
1960-06-01,28.789
1960-07-01,28.442
1960-08-01,28.681
1960-09-01,27.843
1960-10-01,26.861
1960-11-01,26.337
1960-12-01,24.380999999999997
1961-01-01,24.307
1961-02-01,27.252
1961-03-01,28.885
1961-04-01,29.926
1961-05-01,28.55
1961-06-01,28.222
1961-07-01,27.717
1961-08-01,27.682
1961-09-01,27.584
1961-10-01,26.749
1961-11-01,26.64
1961-12-01,25.281
1962-01-01,24.39
1962-02-01,25.623
1962-03-01,28.633
1962-04-01,30.06
1962-05-01,29.664
1962-06-01,28.686
1962-07-01,28.242
1962-08-01,27.889000000000003
1962-09-01,27.35
1962-10-01,27.118
1962-11-01,26.298
1962-12-01,23.722
1963-01-01,22.552
1963-02-01,26.17
1963-03-01,28.255
1963-04-01,29.840000000000003
1963-05-01,30.624
1963-06-01,28.599
1963-07-01,27.858
1963-08-01,27.851000000000003
1963-09-01,27.7
1963-10-01,26.777
1963-11-01,26.656
1963-12-01,24.63
1964-01-01,26.274
1964-02-01,27.226
1964-03-01,28.737
1964-04-01,30.105
1964-05-01,28.484
1964-06-01,28.537
1964-07-01,28.256
1964-08-01,27.954
1964-09-01,27.569
1964-10-01,27.063
1964-11-01,24.624
1964-12-01,23.862
1965-01-01,23.542
1965-02-01,27.318
1965-03-01,28.189
1965-04-01,29.611
1965-05-01,28.914
1965-06-01,28.052
1965-07-01,28.267
1965-08-01,28.071
1965-09-01,27.403
1965-10-01,27.053
1965-11-01,26.571
1965-12-01,25.862
1966-01-01,26.147
1966-02-01,27.804
1966-03-01,29.574
1966-04-01,30.475
1966-05-01,28.993
1966-06-01,28.689
1966-07-01,28.169
1966-08-01,28.087000000000003
1966-09-01,27.59
1966-10-01,27.279
1966-11-01,26.354
1966-12-01,25.758999999999997
1967-01-01,24.399
1967-02-01,26.478
1967-03-01,28.382
1967-04-01,29.436
1967-05-01,29.102
1967-06-01,28.953
1967-07-01,28.229
1967-08-01,28.132
1967-09-01,27.933
1967-10-01,26.504
1967-11-01,26.412
1967-12-01,23.812
1968-01-01,24.687
1968-02-01,26.398
1968-03-01,28.687
1968-04-01,29.045
1968-05-01,29.086
1968-06-01,28.516
1968-07-01,28.433
1968-08-01,28.387
1968-09-01,27.874
1968-10-01,26.976000000000003
1968-11-01,27.026
1968-12-01,26.348
1969-01-01,26.719
1969-02-01,27.6
1969-03-01,29.773
1969-04-01,30.465000000000003
1969-05-01,30.022
1969-06-01,29.011
1969-07-01,27.958
1969-08-01,27.882
1969-09-01,27.618
1969-10-01,27.520000000000003
1969-11-01,25.37
1969-12-01,23.720999999999997
1970-01-01,25.726
1970-02-01,26.913
1970-03-01,29.196
1970-04-01,29.725
1970-05-01,29.437
1970-06-01,28.589
1970-07-01,27.788
1970-08-01,27.638
1970-09-01,27.788
1970-10-01,26.753
1970-11-01,25.856
1970-12-01,24.981
1971-01-01,23.648
1971-02-01,26.148
1971-03-01,28.012
1971-04-01,29.362
1971-05-01,28.935
1971-06-01,28.044
1971-07-01,27.57
1971-08-01,27.733
1971-09-01,27.847
1971-10-01,26.412000000000003
1971-11-01,24.467
1971-12-01,24.837
1972-01-01,23.882
1972-02-01,27.382
1972-03-01,28.023
1972-04-01,28.734
1972-05-01,30.461
1972-06-01,28.386
1972-07-01,28.289
1972-08-01,28.208
1972-09-01,27.778
1972-10-01,27.756
1972-11-01,26.782
1972-12-01,25.316999999999997
1973-01-01,25.386
1973-02-01,28.004
1973-03-01,29.32
1973-04-01,31.002
1973-05-01,29.402
1973-06-01,28.788
1973-07-01,28.37
1973-08-01,28.218
1973-09-01,27.63
1973-10-01,27.023000000000003
1973-11-01,25.142
1973-12-01,23.182
1974-01-01,24.015
1974-02-01,26.103
1974-03-01,28.091
1974-04-01,28.632
1974-05-01,28.272
1974-06-01,28.045
1974-07-01,28.111
1974-08-01,27.844
1974-09-01,27.708
1974-10-01,26.907
1974-11-01,25.892
1974-12-01,25.341
1975-01-01,25.077
1975-02-01,27.201
1975-03-01,29.357
1975-04-01,30.034
1975-05-01,28.786
1975-06-01,28.107
1975-07-01,28.03
1975-08-01,27.921000000000003
1975-09-01,27.495
1975-10-01,26.986
1975-11-01,25.447
1975-12-01,22.479
1976-01-01,22.762
1976-02-01,26.34
1976-03-01,28.302
1976-04-01,29.788
1976-05-01,28.171
1976-06-01,28.637
1976-07-01,28.128
1976-08-01,27.702
1976-09-01,27.642
1976-10-01,27.285
1976-11-01,25.068
1976-12-01,24.880999999999997
1977-01-01,25.719
1977-02-01,26.175
1977-03-01,27.992
1977-04-01,29.692
1977-05-01,29.258
1977-06-01,29.712
1977-07-01,28.51
1977-08-01,28.485000000000003
1977-09-01,27.955
1977-10-01,27.837000000000003
1977-11-01,25.871
1977-12-01,25.456
1978-01-01,26.383
1978-02-01,26.998
1978-03-01,29.796
1978-04-01,30.416
1978-05-01,29.26
1978-06-01,28.785
1978-07-01,28.202
1978-08-01,27.979000000000003
1978-09-01,27.714
1978-10-01,27.024
1978-11-01,26.241
1978-12-01,25.110999999999997
1979-01-01,26.871
1979-02-01,28.326
1979-03-01,30.085
1979-04-01,30.507
1979-05-01,30.354
1979-06-01,29.041
1979-07-01,28.78
1979-08-01,28.289
1979-09-01,28.068
1979-10-01,27.307
1979-11-01,26.009
1979-12-01,24.837999999999997
1980-01-01,25.594
1980-02-01,27.694000000000003
1980-03-01,29.92
1980-04-01,30.896
1980-05-01,30.76
1980-06-01,28.508
1980-07-01,28.581
1980-08-01,28.286
1980-09-01,28.022
1980-10-01,27.385
1980-11-01,26.674
1980-12-01,25.604999999999997
1981-01-01,24.378
1981-02-01,27.327
1981-03-01,29.249
1981-04-01,29.776000000000003
1981-05-01,29.247
1981-06-01,28.298
1981-07-01,28.335
1981-08-01,27.915000000000003
1981-09-01,28.003
1981-10-01,27.456000000000003
1981-11-01,25.926
1981-12-01,23.273
1982-01-01,24.288
1982-02-01,27.553
1982-03-01,29.284
1982-04-01,29.187
1982-05-01,29.736
1982-06-01,28.478
1982-07-01,28.105
1982-08-01,27.598000000000003
1982-09-01,27.623
1982-10-01,27.312
1982-11-01,27.389
1982-12-01,23.408
1983-01-01,24.784
1983-02-01,27.432
1983-03-01,29.264
1983-04-01,31.114
1983-05-01,30.666
1983-06-01,29.462
1983-07-01,28.986
1983-08-01,28.268
1983-09-01,27.951
1983-10-01,26.961
1983-11-01,24.795
1983-12-01,24.315
1984-01-01,24.601
1984-02-01,27.681
1984-03-01,28.9
1984-04-01,30.122000000000003
1984-05-01,29.801
1984-06-01,28.362
1984-07-01,28.23
1984-08-01,28.67
1984-09-01,27.673
1984-10-01,26.786
1984-11-01,26.377
1984-12-01,25.217
1985-01-01,25.938
1985-02-01,28.261
1985-03-01,29.564
1985-04-01,30.149
1985-05-01,29.033
1985-06-01,28.233
1985-07-01,27.504
1985-08-01,28.17
1985-09-01,27.666
1985-10-01,26.87
1985-11-01,26.521
1985-12-01,24.255
1986-01-01,23.768
1986-02-01,26.729
1986-03-01,28.309
1986-04-01,29.589
1986-05-01,28.972
1986-06-01,28.903
1986-07-01,28.001
1986-08-01,28.362
1986-09-01,27.992
1986-10-01,27.107000000000003
1986-11-01,26.295
1986-12-01,24.767999999999997
1987-01-01,25.634
1987-02-01,27.222
1987-03-01,29.108
1987-04-01,30.430000000000003
1987-05-01,30.121
1987-06-01,29.299
1987-07-01,29.263
1987-08-01,28.936
1987-09-01,28.175
1987-10-01,27.807
1987-11-01,27.012
1987-12-01,23.121
1988-01-01,25.999
1988-02-01,28.126
1988-03-01,30.04
1988-04-01,29.972
1988-05-01,29.005
1988-06-01,28.528
1988-07-01,28.345
1988-08-01,28.234
1988-09-01,28.004
1988-10-01,26.762
1988-11-01,25.171
1988-12-01,24.144
1989-01-01,26.551
1989-02-01,27.018
1989-03-01,28.273
1989-04-01,30.538
1989-05-01,29.6
1989-06-01,28.353
1989-07-01,28.522
1989-08-01,28.294
1989-09-01,27.967
1989-10-01,27.172
1989-11-01,26.337
1989-12-01,24.199
1990-01-01,26.71
1990-02-01,28.039
1990-03-01,29.234
1990-04-01,30.488000000000003
1990-05-01,29.549
1990-06-01,29.368
1990-07-01,28.515
1990-08-01,28.668000000000003
1990-09-01,28.055
1990-10-01,27.084000000000003
1990-11-01,26.413
1990-12-01,25.098999999999997
1991-01-01,26.929
1991-02-01,27.711
1991-03-01,29.998
1991-04-01,30.451
1991-05-01,30.11
1991-06-01,28.725
1991-07-01,28.46
1991-08-01,27.888
1991-09-01,28.068
1991-10-01,26.841
1991-11-01,26.099
1991-12-01,25.34
1992-01-01,24.87
1992-02-01,26.961
1992-03-01,29.272
1992-04-01,31.175
1992-05-01,30.837
1992-06-01,29.187
1992-07-01,28.255
1992-08-01,27.976000000000003
1992-09-01,28.139
1992-10-01,26.081000000000003
1992-11-01,25.322
1992-12-01,25.095999999999997
1993-01-01,25.62
1993-02-01,26.421
1993-03-01,28.92
1993-04-01,29.845
1993-05-01,29.805
1993-06-01,29.471
1993-07-01,29.188
1993-08-01,27.929
1993-09-01,27.633
1993-10-01,26.917
1993-11-01,26.862
1993-12-01,24.411
1994-01-01,26.098
1994-02-01,28.457
1994-03-01,28.632
1994-04-01,30.328000000000003
1994-05-01,29.404
1994-06-01,28.426
1994-07-01,27.908
1994-08-01,27.691000000000003
1994-09-01,27.964
1994-10-01,26.78
1994-11-01,27.094
1994-12-01,26.226
1995-01-01,25.898
1995-02-01,27.048
1995-03-01,29.512
1995-04-01,30.729000000000003
1995-05-01,29.834
1995-06-01,29.244999999999997
1995-07-01,28.267
1995-08-01,28.026
1995-09-01,27.436
1995-10-01,27.359
1995-11-01,26.502
1995-12-01,24.357
1996-01-01,25.515
1996-02-01,26.584
1996-03-01,29.337
1996-04-01,29.723000000000003
1996-05-01,29.159
1996-06-01,28.6
1996-07-01,27.909
1996-08-01,28.153
1996-09-01,27.46
1996-10-01,27.259
1996-11-01,26.719
1996-12-01,24.295
1997-01-01,24.847
1997-02-01,27.632
1997-03-01,29.052
1997-04-01,29.630000000000003
1997-05-01,30.353
1997-06-01,29.919
1997-07-01,28.542
1997-08-01,28.371
1997-09-01,27.972
1997-10-01,27.803
1997-11-01,27.144
1997-12-01,26.737
1998-01-01,27.236
1998-02-01,29.106
1998-03-01,30.461
1998-04-01,31.331000000000003
1998-05-01,30.806
1998-06-01,29.447
1998-07-01,28.869
1998-08-01,28.635
1998-09-01,28.029
1998-10-01,27.567
1998-11-01,26.469
1998-12-01,25.34
1999-01-01,26.06
1999-02-01,27.21
1999-03-01,29.5
1999-04-01,29.048
1999-05-01,28.245
1999-06-01,28.430999999999997
1999-07-01,28.523
1999-08-01,28.217
1999-09-01,28.171
1999-10-01,26.896
1999-11-01,26.32
1999-12-01,22.83
2000-01-01,26.073
2000-02-01,26.543
2000-03-01,28.708
2000-04-01,28.892000000000003
2000-05-01,29.158
2000-06-01,28.26
2000-07-01,28.23
2000-08-01,28.373
2000-09-01,27.76
2000-10-01,27.378
2000-11-01,26.082
2000-12-01,26.398999999999997
2001-01-01,26.955
2001-02-01,27.937
2001-03-01,28.15
2001-04-01,30.89
2001-05-01,28.922
2001-06-01,28.698
2001-07-01,28.649
2001-08-01,28.288
2001-09-01,28.477
2001-10-01,27.293000000000003
2001-11-01,25.232
2001-12-01,25.566999999999997
2002-01-01,25.562
2002-02-01,27.962
2002-03-01,29.247
2002-04-01,30.321
2002-05-01,29.116
2002-06-01,29.022
2002-07-01,28.909
2002-08-01,28.071
2002-09-01,27.785
2002-10-01,27.672
2002-11-01,26.835
2002-12-01,26.802
2003-01-01,25.365
2003-02-01,27.857
2003-03-01,28.59
2003-04-01,30.275
2003-05-01,29.641
2003-06-01,28.853
2003-07-01,27.873
2003-08-01,28.482000000000003
2003-09-01,27.765
2003-10-01,27.395000000000003
2003-11-01,27.62
2003-12-01,24.604999999999997
2004-01-01,25.909
2004-02-01,26.545
2004-03-01,29.472
2004-04-01,30.876
2004-05-01,29.07
2004-06-01,28.388
2004-07-01,28.735
2004-08-01,28.362
2004-09-01,27.862
2004-10-01,27.646
2004-11-01,27.68
2004-12-01,24.825
2005-01-01,25.526
2005-02-01,28.462
2005-03-01,28.945
2005-04-01,30.275
2005-05-01,30.297
2005-06-01,29.307
2005-07-01,28.459
2005-08-01,28.486
2005-09-01,28.054
2005-10-01,27.679
2005-11-01,26.781
2005-12-01,24.673
2006-01-01,25.896
2006-02-01,28.042
2006-03-01,29.539
2006-04-01,29.886000000000003
2006-05-01,28.988
2006-06-01,28.848
2006-07-01,28.559
2006-08-01,28.290000000000003
2006-09-01,28.065
2006-10-01,27.845
2006-11-01,27.898
2006-12-01,25.33
2007-01-01,25.87
2007-02-01,27.19
2007-03-01,29.916
2007-04-01,29.904000000000003
2007-05-01,28.855
2007-06-01,29.413
2007-07-01,28.18
2007-08-01,28.399
2007-09-01,28.228
2007-10-01,27.324
2007-11-01,25.595
2007-12-01,26.365
2008-01-01,25.94
2008-02-01,27.033
2008-03-01,28.816
2008-04-01,29.628
2008-05-01,28.692
2008-06-01,28.632
2008-07-01,28.211
2008-08-01,28.449
2008-09-01,28.011
2008-10-01,27.831000000000003
2008-11-01,26.026
2008-12-01,24.206
2009-01-01,23.771
2009-02-01,27.909
2009-03-01,29.186
2009-04-01,30.084000000000003
2009-05-01,29.024
2009-06-01,28.623
2009-07-01,28.18
2009-08-01,28.808
2009-09-01,28.468
2009-10-01,27.714
2009-11-01,26.617
2009-12-01,26.116
2010-01-01,26.618
2010-02-01,28.89
2010-03-01,29.708
2010-04-01,31.122
2010-05-01,31.224
2010-06-01,29.95
2010-07-01,28.996
2010-08-01,28.268
2010-09-01,28.599
2010-10-01,27.102
2010-11-01,26.895
2010-12-01,26.005
2011-01-01,25.348
2011-02-01,27.569000000000003
2011-03-01,26.586
2011-04-01,28.935
2011-05-01,29.397
2011-06-01,28.770999999999997
2011-07-01,28.331
2011-08-01,28.201
2011-09-01,28.017
2011-10-01,27.424000000000003
2011-11-01,27.56
2011-12-01,24.953999999999997
2012-01-01,26.872
2012-02-01,28.165
2012-03-01,29.662
2012-04-01,30.453000000000003
2012-05-01,29.853
2012-06-01,29.158
2012-07-01,28.177
2012-08-01,28.307
2012-09-01,27.875
2012-10-01,28.013
2012-11-01,27.822
2012-12-01,27.362
2013-01-01,26.256
2013-02-01,28.51
2013-03-01,29.691
2013-04-01,30.401000000000003
2013-05-01,30.82
2013-06-01,28.689
2013-07-01,28.074
2013-08-01,28.448
2013-09-01,27.804
2013-10-01,27.419
2013-11-01,27.111
2013-12-01,23.045
2014-01-01,23.393
2014-02-01,26.841
2014-03-01,29.174
2014-04-01,30.409
2014-05-01,30.648
2014-06-01,29.441
2014-07-01,28.839
2014-08-01,28.383000000000003
2014-09-01,28.446
2014-10-01,27.53
2014-11-01,27.774
2014-12-01,25.77
2015-01-01,24.6
2015-02-01,27.169
2015-03-01,29.448
2015-04-01,29.996
2015-05-01,30.918
2015-06-01,29.697
2015-07-01,29.366
2015-08-01,29.028
2015-09-01,28.567
2015-10-01,28.075000000000003
2015-11-01,28.502
2015-12-01,27.199
2016-01-01,26.543
2016-02-01,27.002
2016-03-01,29.988
2016-04-01,31.952
2016-05-01,31.591
2016-06-01,29.444
2016-07-01,28.674
2016-08-01,29.338
2016-09-01,28.449
2016-10-01,28.033
2016-11-01,27.956
2016-12-01,26.286
2017-01-01,26.384
2017-02-01,27.365
2017-03-01,29.818
2017-04-01,30.340000000000003
2017-05-01,29.714
2017-06-01,29.456
2017-07-01,28.26
2017-08-01,28.776000000000003
2017-09-01,28.977
2017-10-01,27.891
2017-11-01,27.029
2017-12-01,25.24
2018-01-01,26.513
2018-02-01,27.042
2018-03-01,29.282
2018-04-01,29.154000000000003
2018-05-01,29.441
2018-06-01,29.057
2018-07-01,28.6
2018-08-01,28.025
2018-09-01,28.483
2018-10-01,28.155
2018-11-01,27.51
2018-12-01,27.131
2019-01-01,26.627
2019-02-01,28.899
2019-03-01,29.855
2019-04-01,31.415000000000003
2019-05-01,30.752
2019-06-01,29.532
2019-07-01,29.198
2019-08-01,28.368
2019-09-01,28.325
2019-10-01,28.818
2019-11-01,27.452
2019-12-01,25.706999999999997
2020-01-01,27.66
2020-02-01,28.154
2020-03-01,30.321
2020-04-01,30.739
2020-05-01,31.361
2020-06-01,29.575
2020-07-01,29.465
2020-08-01,28.999
2020-09-01,28.836
2020-10-01,26.535
2020-11-01,27.341
2020-12-01,25.69
2021-01-01,27.360478859620276
2021-02-01,27.49184744012507
2021-03-01,28.56739747350313
2021-04-01,30.864579407371004
2021-05-01,29.911015265695458
2021-06-01,30.100332517813136
2021-07-01,28.831669365742
2021-08-01,29.00008457912751
2021-09-01,27.615696515696317
2021-10-01,28.106612774761167
2021-11-01,27.2189925362012
2021-12-01,26.459198693106313
2022-01-01,25.93279437904302
2022-02-01,28.36434391440596
2022-03-01,29.277494611356843
2022-04-01,31.21678885562295
2022-05-01,30.351495981667423
2022-06-01,29.450451553083234
2022-07-01,28.951083746500704
2022-08-01,28.187769110307485
2022-09-01,28.38721384568025
2022-10-01,27.14575569206918
2022-11-01,25.58234661419302
2022-12-01,25.352012816609783
2023-01-01,26.703298643667928
2023-02-01,29.23770756531454
2023-03-01,30.538662449976687
2023-04-01,29.87839758458506
2023-05-01,30.631569505860806
2023-06-01,28.237769175592305
2023-07-01,28.10272009296419
2023-08-01,28.418036900206022
2023-09-01,28.01539207879595
2023-10-01,26.74346812142875
2023-11-01,27.022529661270177
2023-12-01,27.21167493013149
2024-01-01,26.29010093576148
2024-02-01,29.671667103816706
2024-03-01,30.830768199434004
2024-04-01,31.001294889159777
2024-05-01,30.380450834350142
2024-06-01,28.39570375977061
2024-07-01,29.00411830152461
2024-08-01,28.535570886064733
2024-09-01,27.908483618818835
2024-10-01,26.52270390361485
2024-11-01,27.00066623361394
2024-12-01,27.15360265158311
2025-01-01,26.55472000697607
2025-02-01,28.78317734704867
2025-03-01,30.36791928687956
2025-04-01,29.84032463006901
2025-05-01,30.081955350455125
2025-06-01,28.650839746067252
2025-07-01,29.10123326989449
2025-08-01,28.693335132636975
2025-09-01,27.53612548493688
2025-10-01,26.045733443690363
2025-11-01,25.63020838175575
2025-12-01,27.56556960572261
2026-01-01,28.1750348158117
2026-02-01,30.039087436463532
2026-03-01,30.014305786544274
2026-04-01,29.577570082201618
2026-05-01,28.867054455393745
2026-06-01,29.031021926988867
2026-07-01,28.333769131281624
2026-08-01,27.841788924202188
2026-09-01,27.669223727165576
2026-10-01,25.750610968779235
2026-11-01,27.235648531979084
2026-12-01,27.471073479133633
2027-01-01,28.34064657881064
2027-02-01,29.113509755036176
2027-03-01,31.338018660920753
2027-04-01,29.579363692499935
2027-05-01,28.855614417744583
2027-06-01,29.045615749377745
2027-07-01,28.32808193958089
2027-08-01,27.8616550642888
2027-09-01,26.900393494460342
2027-10-01,27.292215400671555
2027-11-01,27.16776309251513
2027-12-01,27.456544956518098
2028-01-01,27.734116417347348
2028-02-01,29.96114517574501
2028-03-01,31.33584160240083
2028-04-01,29.595069960836813
2028-05-01,28.61224990114952
2028-06-01,29.076841145387142
2028-07-01,28.321310540611357
2028-08-01,28.239410551166365
2028-09-01,27.454786804711535
2028-10-01,27.304875909033264
2028-11-01,27.332414775129383
2028-12-01,26.771713650277295
2029-01-01,28.5293404954712
2029-02-01,29.80367381162721
2029-03-01,29.826412600038186
2029-04-01,30.528094172287883
2029-05-01,28.82766702519436
2029-06-01,28.9488979825205
2029-07-01,28.26630165455179
2029-08-01,27.486213746141956
2029-09-01,26.647361678613105
2029-10-01,26.88894620162
2029-11-01,26.5268339481944
2029-12-01,28.758320862942895
2030-01-01,28.679902479735727
2030-02-01,30.995185967816216
2030-03-01,29.90030803314501
2030-04-01,30.76231746511896
2030-05-01,28.891715781193408
2030-06-01,29.161418832738793
2030-07-01,29.148397066296827
2030-08-01,27.863632219436404
2030-09-01,27.14033893661441
2030-10-01,27.243128736514617
2030-11-01,25.707935483099227
2030-12-01,27.494319409840408
2031-01-01,30.174664195929516
2031-02-01,30.752056040191142
2031-03-01,30.29751709681797
2031-04-01,29.92588793646857
2031-05-01,29.28230865929615
2031-06-01,29.240575808593672
2031-07-01,28.001986942929133
2031-08-01,27.439479131063315
2031-09-01,27.57979217134225
2031-10-01,26.65843289276641
2031-11-01,26.39430125988902
2031-12-01,28.993185830176873
2032-01-01,30.585424351430632
2032-02-01,30.262796647280403
2032-03-01,29.643349096586785
2032-04-01,28.69320935925849
2032-05-01,29.128450631118767
2032-06-01,29.32753443763615
2032-07-01,27.99175332216969
2032-08-01,26.832566900677357
2032-09-01,26.04429207709484
2032-10-01,26.03021011270444
2032-11-01,27.151458931294034
2032-12-01,29.38023222029747
2033-01-01,31.100948037513454
2033-02-01,30.072062384941916
2033-03-01,29.6379271230066
2033-04-01,28.53905942596278
2033-05-01,28.30497285717367
2033-06-01,29.14576132872331
2033-07-01,28.86567638567493
2033-08-01,27.026889278452327
2033-09-01,26.96240126268252
2033-10-01,26.147922479215744
2033-11-01,27.451012867590027
2033-12-01,28.989337187660905
2034-01-01,30.827631205194983
2034-02-01,30.402922100056088
2034-03-01,29.80502413483079
2034-04-01,28.33279084059441
2034-05-01,29.422301165810175
2034-06-01,28.28986318987381
2034-07-01,27.708537532049057
2034-08-01,27.570117833536298
2034-09-01,27.154554055387894
2034-10-01,27.33974671331131
2034-11-01,27.95778421434446
2034-12-01,29.69116739224278
2035-01-01,30.096013841604645
2035-02-01,30.894891904483092
2035-03-01,28.716862603820697
2035-04-01,28.362191578748092
2035-05-01,28.325204300837747
2035-06-01,28.23482901824896
2035-07-01,26.53051802698859
2035-08-01,26.017087074869437
2035-09-01,26.911346597533512
2035-10-01,27.308904658362884
2035-11-01,29.002740459785393
2035-12-01,29.967526635034066
2036-01-01,30.173152918104726
2036-02-01,31.1387487505003
2036-03-01,28.995333430498484
2036-04-01,28.325382427119337
2036-05-01,28.517402703213428
2036-06-01,29.18451236486887
2036-07-01,28.099364922887847
2036-08-01,26.430309713838316
2036-09-01,27.387213516113935
2036-10-01,28.204939353005827
2036-11-01,27.69783888227741
2036-12-01,29.569399684495338
2037-01-01,30.361347468879163
2037-02-01,30.026815371279877
2037-03-01,30.012818428070275
2037-04-01,28.435196419900727
2037-05-01,28.43980133690272
2037-06-01,29.133825564455
2037-07-01,27.74040916167012
2037-08-01,26.215754734960555
2037-09-01,27.599606153964753
2037-10-01,27.41291842169631
2037-11-01,28.70321797379983
2037-12-01,31.21816687616666
2038-01-01,31.369019004322467
2038-02-01,30.08621678006342
2038-03-01,29.271281834373593
2038-04-01,29.51785391293541
2038-05-01,28.439339134840736
2038-06-01,28.322695400003443
2038-07-01,27.82388437304946
2038-08-01,26.179060445376383
2038-09-01,26.736514009454204
2038-10-01,28.97307031277245
2038-11-01,29.998209559275075
2038-12-01,30.64928769227774
2039-01-01,30.209902574771743
2039-02-01,29.54807234229766
2039-03-01,28.389725013571205
2039-04-01,28.50775719250213
2039-05-01,28.441575027314425
2039-06-01,27.45170244463061
2039-07-01,26.308455184499877
2039-08-01,26.7305537494147
2039-09-01,26.70417812197143
2039-10-01,27.4085981959799
2039-11-01,30.628597057866497
2039-12-01,31.485246547988943
2040-01-01,31.073023108921028
2040-02-01,29.93398185860144
2040-03-01,29.247464155709583
2040-04-01,28.51959074092168
2040-05-01,28.020353472422833
2040-06-01,26.87107223140491
2040-07-01,27.012723715935305
2040-08-01,26.093129799409823
2040-09-01,26.99091389007772
2040-10-01,28.291711930736813
2040-11-01,31.059982605569648
2040-12-01,30.175251863770793
2041-01-01,29.768871803865704
2041-02-01,29.35506844562873
2041-03-01,28.50211121117051
2041-04-01,29.0649987588649
2041-05-01,28.168809822528523
2041-06-01,27.94733904053757
2041-07-01,27.81522241279313
2041-08-01,28.169842393130097
2041-09-01,28.146703521578267
2041-10-01,29.832379409499396
2041-11-01,30.20444447105323
2041-12-01,31.155595967665377
2042-01-01,31.047110850043264
2042-02-01,28.910813006686812
2042-03-01,29.23495405863357
2042-04-01,29.31031527041101
2042-05-01,29.17451677109412
2042-06-01,28.10178504265692
2042-07-01,25.899800198701044
2042-08-01,25.94381625811827
2042-09-01,26.74446836186788
2042-10-01,27.767821366265498
2042-11-01,29.616809275832544
2042-12-01,30.28762548709383
2043-01-01,29.88794144162693
2043-02-01,29.490648352901168
2043-03-01,29.492892949242226
2043-04-01,29.519896843100668
2043-05-01,28.03756805582192
2043-06-01,26.72503456144602
2043-07-01,27.366152860409773
2043-08-01,26.76059968228349
2043-09-01,27.310941301525393
2043-10-01,30.10519969343602
2043-11-01,31.280855861739784
2043-12-01,31.395089514074986
2044-01-01,30.35147058346714
2044-02-01,28.824328963214025
2044-03-01,29.58206648066684
2044-04-01,28.21628435897887
2044-05-01,27.8618599688338
2044-06-01,27.27097579684349
2044-07-01,27.586206622261095
2044-08-01,26.854347581717427
2044-09-01,29.333557444507072
2044-10-01,30.99906966587216
2044-11-01,31.552883359069828
2044-12-01,31.020260566112157
2045-01-01,29.941698519580054
2045-02-01,28.34957927950722
2045-03-01,29.187432633126956
2045-04-01,28.1204805219965
2045-05-01,27.010849498222843
2045-06-01,27.46845406257739
2045-07-01,27.436036447355427
2045-08-01,26.389941683518067
2045-09-01,28.875460662304196
2045-10-01,29.927826270602058
2045-11-01,31.028795438838443
2045-12-01,31.13022292183196
2046-01-01,29.016870120981142
2046-02-01,29.48326810047799
2046-03-01,29.535776748092445
2046-04-01,28.012564075000228
2046-05-01,28.15637282308803
2046-06-01,26.245067942093858
2046-07-01,27.403511462834587
2046-08-01,27.10106421629342
2046-09-01,29.643313719966223
2046-10-01,30.33305179058263
2046-11-01,30.16943862381481
2046-12-01,29.98602194490291
2047-01-01,29.385538945049024
2047-02-01,29.557020434372472
2047-03-01,28.373115642062967
2047-04-01,27.514423045891796
2047-05-01,27.94340281300919
2047-06-01,27.14651422109808
2047-07-01,27.40697487089495
2047-08-01,29.292069861516744
2047-09-01,30.786912522287608
2047-10-01,30.242116939908595
2047-11-01,31.09116147699807
2047-12-01,29.935787244699863
2048-01-01,28.68397287652725
2048-02-01,29.106735958554346
2048-03-01,29.17158601374301
2048-04-01,28.239885549960803
2048-05-01,27.50589069905249
2048-06-01,27.155850341592316
2048-07-01,26.55928765582828
2048-08-01,28.201498390679745
2048-09-01,30.838478294252432
2048-10-01,31.576293634479043
2048-11-01,31.127655283136807
2048-12-01,29.016222695597705
2049-01-01,29.52547042887579
2049-02-01,29.35880047474852
2049-03-01,29.118262453103004
2049-04-01,28.14958651639989
2049-05-01,27.669998127355505
2049-06-01,27.79605523413892
2049-07-01,27.25911705233562
2049-08-01,29.96465779616798
2049-09-01,30.91673405597063
2049-10-01,30.194458556856453
2049-11-01,30.756850110753508
2049-12-01,29.26155596437029
2050-01-01,29.3324211119945
2050-02-01,28.184071055173938
2050-03-01,27.3938937633674
2050-04-01,27.964820356175597
2050-05-01,27.910910713832877
2050-06-01,28.469098418262053
2050-07-01,29.087388682151985
2050-08-01,30.17022602771817
2050-09-01,30.329087050690337
2050-10-01,30.88087448585506
2050-11-01,30.104186373830252
2050-12-01,29.41581833122507
2051-01-01,29.29712524894217
2051-02-01,29.2601248985732
2051-03-01,28.66800014214721
2051-04-01,27.08236483352585
2051-05-01,26.542598720531323
2051-06-01,27.436789496733272
2051-07-01,27.50962878274569
2051-08-01,29.421962591850935
2051-09-01,31.299582427323877
2051-10-01,30.043430622178025
2051-11-01,30.292796796958253
2051-12-01,29.034243386865935
2052-01-01,28.529783309542225
2052-02-01,28.074869845746893
2052-03-01,27.722333573227058
2052-04-01,27.127013889855483
2052-05-01,27.867223803205466
2052-06-01,27.14186006541393
2052-07-01,28.40737045377291
2052-08-01,31.16874517114261
2052-09-01,30.25125903306292
2052-10-01,30.16617389487801
2052-11-01,29.90131164703903
2052-12-01,28.96535191035026
2053-01-01,28.61579355445753
2053-02-01,28.580577189134285
2053-03-01,27.91640489806985
2053-04-01,27.94004405204832
2053-05-01,28.024709275640603
2053-06-01,27.85384580413372
2053-07-01,30.26582266757242
2053-08-01,31.41339366031188
2053-09-01,30.377289555130005
2053-10-01,30.23247876619561
2053-11-01,29.55113459629305
2053-12-01,29.345808654825312
2054-01-01,29.50397612538685
2054-02-01,28.5026584061213
2054-03-01,26.746869686140585
2054-04-01,27.420953991864653
2054-05-01,26.488698219340456
2054-06-01,27.284603229299776
2054-07-01,29.299087691882654
2054-08-01,31.102672230892484
2054-09-01,30.88529379558542
2054-10-01,30.867812677824315
2054-11-01,29.912439829416883
2054-12-01,28.64563124010786
2055-01-01,29.531563191488836
2055-02-01,28.989177310425195
2055-03-01,28.01101459338783
2055-04-01,26.389119616827337
2055-05-01,28.091301975364537
2055-06-01,27.739916976822386
2055-07-01,30.36278847472442
2055-08-01,31.559726371455856
2055-09-01,31.33234914987086
2055-10-01,29.31010296263757
2055-11-01,29.660703715519276
2055-12-01,29.276235907021455
2056-01-01,29.326875359259255
2056-02-01,27.402463542588546
2056-03-01,26.415290340237092
2056-04-01,27.0081929543384
2056-05-01,27.249329603003137
2056-06-01,29.803299944508893
2056-07-01,29.888800819462833
2056-08-01,30.84629152658797
2056-09-01,29.890242120830965
2056-10-01,28.895390298913608
2056-11-01,29.666178096340087
2056-12-01,28.380058674677183
2057-01-01,28.613330184488884
2057-02-01,27.556308557705055
2057-03-01,26.84369471663223
2057-04-01,27.609941045291425
2057-05-01,28.383427325021472
2057-06-01,28.29164942565087
2057-07-01,30.589640296623177
2057-08-01,31.066867910596073
2057-09-01,30.03482721475234
2057-10-01,29.15712444133867
2057-11-01,28.67692092496424
2057-12-01,29.37093467347611
2058-01-01,29.191021651701433
2058-02-01,28.09299147473286
2058-03-01,27.48940020163635
2058-04-01,28.047206014826095
2058-05-01,27.752970769458045
2058-06-01,30.13089641739822
2058-07-01,31.336178597569507
2058-08-01,31.461748848127726
2058-09-01,29.937364865523968
2058-10-01,29.86012630896168
2058-11-01,29.24207653781697
2058-12-01,28.844684136549414
2059-01-01,28.204923984469783
2059-02-01,27.409858287064452
2059-03-01,27.45926124967477
2059-04-01,28.167657948522503
2059-05-01,28.752728290396895
2059-06-01,29.735635640332337
2059-07-01,30.81208981652437
2059-08-01,31.13929296305618
2059-09-01,30.256537803932364
2059-10-01,29.700371139355703
2059-11-01,28.51257421333714
2059-12-01,29.12836460875734
2060-01-01,29.03065880441993
2060-02-01,27.74296188825803
2060-03-01,27.05256367974957
2060-04-01,26.023029041458553
2060-05-01,26.93731957985724
2060-06-01,29.378277532284113
2060-07-01,29.93729431883575
2060-08-01,31.188562027677825
2060-09-01,30.917329152270153
2060-10-01,28.937904466316073
2060-11-01,29.400211337852227
2060-12-01,28.582106802024057
2061-01-01,28.74984425183352
2061-02-01,27.018564876838926
2061-03-01,26.360142152451473
2061-04-01,27.011481171636717
2061-05-01,27.86555843264986
2061-06-01,30.22984292560624
2061-07-01,30.499567958449088
2061-08-01,31.241185053200702
2061-09-01,29.20869660613873
2061-10-01,28.981786679460104
2061-11-01,29.63459381087337
2061-12-01,28.882896105077663
2062-01-01,27.05237941816275
2062-02-01,27.81712397742833
2062-03-01,28.031059138181064
2062-04-01,27.332796254719614
2062-05-01,30.106508436069635
2062-06-01,29.99251550154001
2062-07-01,30.853447889247505
2062-08-01,29.815687340966672
2062-09-01,28.845193333135295
2062-10-01,28.887040190872828
2062-11-01,28.284197954118017
2062-12-01,27.216892971405592
2063-01-01,28.690675013858662
2063-02-01,26.957810082267805
2063-03-01,26.775836616711064
2063-04-01,27.346754938675367
2063-05-01,28.86561123881688
2063-06-01,29.675501134331284
2063-07-01,30.71983487315715
2063-08-01,30.093888665505332
2063-09-01,30.359253420288812
2063-10-01,29.646244904317097
2063-11-01,29.38640651302721
2063-12-01,28.825906880987866
2064-01-01,26.75414377561743
2064-02-01,27.2786123741032
2064-03-01,27.365629160771313
2064-04-01,27.54492423386657
2064-05-01,29.822790760962427
2064-06-01,29.895645330888435
2064-07-01,30.438650647201538
2064-08-01,30.396857173104504
2064-09-01,29.99575655675157
2064-10-01,29.21410120351457
2064-11-01,28.62955086259729
2064-12-01,28.79971172440552
2065-01-01,26.542315971824575
2065-02-01,27.66482623789854
2065-03-01,26.86529395873921
2065-04-01,28.148466203120332
2065-05-01,30.900340489829446
2065-06-01,31.364493629062164
2065-07-01,31.090991696660907
2065-08-01,30.22632459444462
2065-09-01,28.63463333893508
2065-10-01,29.346960322829688
2065-11-01,29.20496788450487
2065-12-01,27.04508184867926
2066-01-01,28.42114857800689
2066-02-01,26.178551217185305
2066-03-01,27.8568080164104
2066-04-01,28.443750705911786
2066-05-01,29.268769425195305
2066-06-01,30.054733762834186
2066-07-01,30.277580901144074
2066-08-01,29.558725516807492
2066-09-01,29.739884531062085
2066-10-01,28.63061302952553
2066-11-01,29.256427254448933
2066-12-01,28.360273186866717
2067-01-01,26.356271611175675
2067-02-01,26.21859196339953
2067-03-01,28.563349913943345
2067-04-01,28.08230400181506
2067-05-01,31.011839565932597
2067-06-01,31.055744101576956
2067-07-01,30.766907622888525
2067-08-01,30.23863938078171
2067-09-01,28.73412746546758
2067-10-01,29.541271190971003
2067-11-01,29.103968981289892
2067-12-01,27.87726233178463
2068-01-01,27.79026348935224
2068-02-01,26.42859135337913
2068-03-01,28.17760692683035
2068-04-01,30.34755606202991
2068-05-01,31.380465386828497
2068-06-01,30.40744363759662
2068-07-01,30.672206951906244
2068-08-01,28.672403506947617
2068-09-01,28.62600501176223
2068-10-01,28.141386329522273
2068-11-01,28.32549553808037
2068-12-01,27.817285024165447
2069-01-01,26.206679525786424
2069-02-01,27.607721449311395
2069-03-01,26.71763260623284
2069-04-01,28.57910034618732
2069-05-01,31.048735033169688
2069-06-01,31.056451922469492
2069-07-01,31.055684282130052
2069-08-01,29.68335838061393
2069-09-01,29.59223705738087
2069-10-01,29.05465158251016
2069-11-01,28.52287405003292
2069-12-01,27.888909882041823
2070-01-01,26.177215814835463
2070-02-01,26.343087526765533
2070-03-01,27.278579261841
2070-04-01,30.363240708388144
2070-05-01,31.390963484024457
2070-06-01,31.39685572406504
2070-07-01,29.457904174733837
2070-08-01,29.007313398106557
2070-09-01,28.614253076650986
2070-10-01,28.04607208221302
2070-11-01,26.915557237172088
2070-12-01,27.680124081979542
2071-01-01,27.103316756866153
2071-02-01,28.097456563473145
2071-03-01,29.480026938596676
2071-04-01,30.61045256637596
2071-05-01,31.18615125129729
2071-06-01,30.055823360471244
2071-07-01,28.93624964815215
2071-08-01,28.804093035103588
2071-09-01,28.813358910428818
2071-10-01,28.9927686168963
2071-11-01,27.068116122123232
2071-12-01,27.82169874638689
2072-01-01,27.515452561308088
2072-02-01,28.326120026317067
2072-03-01,27.486471334935928
2072-04-01,30.732381762919967
2072-05-01,31.10672633402957
2072-06-01,31.296040374028333
2072-07-01,30.23186774622565
2072-08-01,29.546186243249515
2072-09-01,29.47645874179301
2072-10-01,29.135915033643663
2072-11-01,27.695205570418217
2072-12-01,27.19910745842847
2073-01-01,27.022599876234576
2073-02-01,27.58652386962501
2073-03-01,29.503078498479976
2073-04-01,30.126461211866193
2073-05-01,30.564368115302155
2073-06-01,30.888557987305468
2073-07-01,30.05779032178529
2073-08-01,28.55978241063055
2073-09-01,28.319595779221753
2073-10-01,27.715915049658847
2073-11-01,27.811566122913774
2073-12-01,27.212503148475843
2074-01-01,26.59342362287478
2074-02-01,28.20694524654636
2074-03-01,30.55562311866769
2074-04-01,30.14051746069376
2074-05-01,30.250024652905456
2074-06-01,30.27968723909842
2074-07-01,28.55804990616356
2074-08-01,29.390299150975917
2074-09-01,29.107841059485587
2074-10-01,27.984590417748464
2074-11-01,26.64341725621488
2074-12-01,26.86854898409897
2075-01-01,26.513288193778106
2075-02-01,28.661299075075092
2075-03-01,27.802181572377258
2075-04-01,30.91463029300439
2075-05-01,30.97777560897344
2075-06-01,30.526921403951
2075-07-01,29.66125652376607
2075-08-01,28.544632218703057
2075-09-01,29.222675540217132
2075-10-01,28.98445687107571
2075-11-01,27.75463598231002
2075-12-01,27.247041932811452
2076-01-01,27.529537493872223
2076-02-01,27.82402029926062
2076-03-01,29.514951467160692
2076-04-01,31.261778946379454
2076-05-01,30.29430222194294
2076-06-01,29.612134561045423
2076-07-01,28.67090194402391
2076-08-01,28.758499522107343
2076-09-01,28.336055077103257
2076-10-01,28.376085183421573
2076-11-01,26.250233059930235
2076-12-01,27.118242629874445
2077-01-01,26.74702766387596
2077-02-01,28.8795920002146
2077-03-01,29.67501529610251
2077-04-01,30.341789968129564
2077-05-01,31.125525838046816
2077-06-01,30.179870375181185
2077-07-01,29.09999800759723
2077-08-01,29.466087912246465
2077-09-01,29.021708236535456
2077-10-01,27.51163903765932
2077-11-01,26.10510044348289
2077-12-01,27.501832420958007
2078-01-01,26.211025868178552
2078-02-01,29.028779160237814
2078-03-01,30.02471036282442
2078-04-01,29.936441259564464
2078-05-01,30.940569335999037
2078-06-01,29.5824344947099
2078-07-01,29.3839666575527
2078-08-01,28.5537187325413
2078-09-01,29.128617029066923
2078-10-01,26.941171876235597
2078-11-01,27.07658167827169
2078-12-01,27.024003673445268
2079-01-01,28.20295098094099
2079-02-01,27.631395158772
2079-03-01,30.651675064475285
2079-04-01,30.276191115774537
2079-05-01,30.030750229755636
2079-06-01,29.101126990333263
2079-07-01,28.55624530462954
2079-08-01,29.249066852400784
2079-09-01,29.07380817201263
2079-10-01,27.81327894646679
2079-11-01,27.257693203377432
2079-12-01,27.10637356049529
2080-01-01,27.78039589004385
2080-02-01,29.934979252669283
2080-03-01,30.225362946677244
2080-04-01,30.45680870944455
2080-05-01,30.8150110738285
2080-06-01,29.813886568638505
2080-07-01,29.435863401476627
2080-08-01,29.145801295416348
2080-09-01,27.749048467960176
2080-10-01,26.24099277299025
2080-11-01,26.08800762602672
2080-12-01,27.59421937286967
2081-01-01,27.87968294157005
2081-02-01,29.706142314264486
2081-03-01,30.996583897543942
2081-04-01,30.298333616184863
2081-05-01,30.063009500957435
2081-06-01,28.760001518628815
2081-07-01,29.08547255033349
2081-08-01,29.19368881579807
2081-09-01,27.596702698950907
2081-10-01,26.494250727540702
2081-11-01,26.24396160140934
2081-12-01,26.0471619088515
2082-01-01,26.88886193976824
2082-02-01,29.11901627629687
2082-03-01,30.04572792329639
2082-04-01,30.974366768566153
2082-05-01,29.323253178037504
2082-06-01,28.788499418055967
2082-07-01,29.07312223860285
2082-08-01,27.82566307290236
2082-09-01,27.97332816321657
2082-10-01,25.974607289374845
2082-11-01,25.90342668529684
2082-12-01,26.59217557820057
2083-01-01,29.463566360854397
2083-02-01,29.73398942140829
2083-03-01,31.62009860594598
2083-04-01,29.83244450927836
2083-05-01,29.97760066716644
2083-06-01,29.13364375534125
2083-07-01,28.247799403314005
2083-08-01,28.19322994085163
2083-09-01,26.224856091131972
2083-10-01,27.52115068582061
2083-11-01,26.64036545340722
2083-12-01,28.03872606705401
2084-01-01,28.5336616733486
2084-02-01,31.059940910440098
2084-03-01,30.796080762237132
2084-04-01,30.978493329218963
2084-05-01,29.92564372568727
2084-06-01,28.55068845290947
2084-07-01,28.3946816659908
2084-08-01,27.789182673505817
2084-09-01,27.00593196042415
2084-10-01,25.557125541823417
2084-11-01,27.32221166443918
2084-12-01,26.383053050356644
2085-01-01,28.82400325601803
2085-02-01,29.89500941855876
2085-03-01,30.94668495956064
2085-04-01,30.13664343918208
2085-05-01,29.637283113059706
2085-06-01,28.863808718593024
2085-07-01,29.112531893314735
2085-08-01,28.433147195075485
2085-09-01,25.972600555073075
2085-10-01,27.445091186950087
2085-11-01,27.937087338718175
2085-12-01,28.601411957007812
2086-01-01,29.634093412801978
2086-02-01,30.683512053640797
2086-03-01,29.92581857971729
2086-04-01,29.09523636479924
2086-05-01,28.406806040852057
2086-06-01,29.340776849816635
2086-07-01,28.91464838437749
2086-08-01,27.658881736864117
2086-09-01,27.246233297980336
2086-10-01,27.413434707187673
2086-11-01,27.983375017157005
2086-12-01,29.505527482839412
2087-01-01,30.53506384844029
2087-02-01,31.45419747143696
2087-03-01,31.05139455083655
2087-04-01,28.773403631293004
2087-05-01,28.23497847305575
2087-06-01,29.054013411550276
2087-07-01,28.500766381895925
2087-08-01,27.472007560923934
2087-09-01,26.79862184480137
2087-10-01,27.123744217136046
2087-11-01,26.090575673405834
2087-12-01,29.531943510475763
2088-01-01,30.531236745316285
2088-02-01,31.510172156895823
2088-03-01,29.8931576381337
2088-04-01,29.29107796880868
2088-05-01,29.187846441461584
2088-06-01,28.98283146127707
2088-07-01,27.481521038262393
2088-08-01,27.29926634119949
2088-09-01,27.146533709070884
2088-10-01,25.83779990188687
2088-11-01,28.177995272917823
2088-12-01,30.376842040461305
2089-01-01,30.009388106053784
2089-02-01,30.753930118268435
2089-03-01,29.87074392363997
2089-04-01,28.521900714680015
2089-05-01,28.2997109894829
2089-06-01,27.491044715515542
2089-07-01,27.58581996857984
2089-08-01,26.32384433202763
2089-09-01,26.54538853940344
2089-10-01,27.80890650007708
2089-11-01,29.442630146021617
2089-12-01,29.69377522846402
2090-01-01,30.97586719925941
2090-02-01,31.062307560471076
2090-03-01,28.811859214579812
2090-04-01,28.72198952782748
2090-05-01,28.99127082624727
2090-06-01,28.327628467855135
2090-07-01,26.14662274553927
2090-08-01,25.373183497377333
2090-09-01,25.318294880001773
2090-10-01,27.483464596965035
2090-11-01,28.74279794328052
2090-12-01,29.565933990827507
2091-01-01,30.14113884124196
2091-02-01,30.58776260468399
2091-03-01,29.841158709702302
2091-04-01,28.63564369346706
2091-05-01,28.674558077895725
2091-06-01,28.36044652694029
2091-07-01,26.525202660349805
2091-08-01,27.064982143454188
2091-09-01,25.517868009927888
2091-10-01,26.76225006056782
2091-11-01,29.912622747891735
2091-12-01,29.892199449201417
2092-01-01,30.372315063871937
2092-02-01,30.438359317034077
2092-03-01,28.327744440731475
2092-04-01,29.1612118030406
2092-05-01,28.17572235177841
2092-06-01,26.82325724087166
2092-07-01,27.050486619957603
2092-08-01,25.559023798089804
2092-09-01,25.903018172759086
2092-10-01,27.678417433597502
2092-11-01,30.078947503787077
2092-12-01,30.02260684676498
2093-01-01,31.341199804547227
2093-02-01,30.033562869496468
2093-03-01,29.11962950653946
2093-04-01,28.76866333253419
2093-05-01,28.309475943948772
2093-06-01,27.18084306223118
2093-07-01,26.69826753039648
2093-08-01,26.91018648823965
2093-09-01,25.524150938516907
2093-10-01,27.191665815802057
2093-11-01,29.16839313391786
2093-12-01,31.28918339828848
2094-01-01,29.8232000587121
2094-02-01,28.927485717410036
2094-03-01,28.07667075982927
2094-04-01,28.230025675023853
2094-05-01,27.223204962763887
2094-06-01,27.470281281957977
2094-07-01,25.682400989812173
2094-08-01,25.26035144855988
2094-09-01,25.762083362085068
2094-10-01,28.024973241750864
2094-11-01,29.84523266236704
2094-12-01,29.995562970648432
2095-01-01,29.647398888756868
2095-02-01,28.51359547011764
2095-03-01,28.124605543754477
2095-04-01,29.00260648311996
2095-05-01,28.626901375856104
2095-06-01,26.97068523253361
2095-07-01,26.6036986563575
2095-08-01,25.78135044462575
2095-09-01,27.32846626086044
2095-10-01,28.699584342412805
2095-11-01,29.920162224562876
2095-12-01,30.63545630098668
2096-01-01,31.13663934766223
2096-02-01,29.91092222698899
2096-03-01,28.11428808253606
2096-04-01,28.9179538469423
2096-05-01,28.32051408619482
2096-06-01,27.478374480521428
2096-07-01,25.906937340886618
2096-08-01,26.76170204563037
2096-09-01,25.464695990736303
2096-10-01,27.57390377816095
2096-11-01,29.357304030514204
2096-12-01,30.62327397366862
2097-01-01,30.07938191224543
2097-02-01,30.25969797513011
2097-03-01,28.656761438085457
2097-04-01,28.885119224638174
2097-05-01,28.25711195143545
2097-06-01,27.991677095292665
2097-07-01,26.30589905184396
2097-08-01,26.52738212481576
2097-09-01,25.927351525438837
2097-10-01,28.03909990003554
2097-11-01,29.22591045391345
2097-12-01,30.42660656761183
2098-01-01,31.05655336500746
2098-02-01,29.87496338351071
2098-03-01,28.96767421088061
2098-04-01,28.046292707763904
2098-05-01,27.191587904359373
2098-06-01,27.053237816152695
2098-07-01,25.821694658098306
2098-08-01,25.5488968970471
2098-09-01,25.582667418199303
2098-10-01,29.09139880916164
2098-11-01,30.47980681301827
2098-12-01,29.895962149239157
2099-01-01,29.983604973877764
2099-02-01,29.182007385307916
2099-03-01,29.00575853190599
2099-04-01,28.856647830946542
2099-05-01,28.099216202208854
2099-06-01,26.536438935491127
2099-07-01,25.22996160198428
2099-08-01,25.296426004123493
2099-09-01,26.479874055732676
2099-10-01,29.81427758651244
2099-11-01,29.84356498711677
2099-12-01,30.016767951167527
